event_id,event_date,security_id,subsector,average_peer_correlation,peer_return_similarity,correlation_history_count,correlation_information_max_date,peer_count,possible_peer_count,peer_portfolio_coverage,peer_return,no_future_information_check,convergence,peer_catchup,initiator_reversal
evt_54f365c56232ab96,2015-04-21,SEC_LRCX,semiconductor_equipment,0.40604765809111837,0.6376782783065611,74,2015-04-20,6,6,1.0,0.022466181478288307,True,-0.00561685018161963,-0.005871258718594527,0.0002544085369748962
evt_a1b24e9426d7836d,2015-04-23,SEC_TXN,analog_mixed_signal,0.5059344720456987,0.7193803482598691,76,2015-04-22,8,8,1.0,-0.017534836690452985,True,,,
evt_cbcc9b26693de74c,2015-04-27,SEC_AMAT,semiconductor_equipment,0.3984289575517758,0.6308335109476536,78,2015-04-24,6,6,1.0,0.00016046658781926294,True,,,
evt_5f7878696bc800c4,2015-04-30,SEC_STM,analog_mixed_signal,0.4103193804454516,0.587489572691932,81,2015-04-29,8,8,1.0,-0.008847765707689123,True,,,
evt_0a8e5321e79d2e8f,2015-07-30,SEC_NXPI,analog_mixed_signal,0.44494671862145296,0.6236652094201236,144,2015-07-29,8,8,1.0,0.006018642224800905,True,0.01760359994033915,0.01232612767813682,0.005277472262202333
evt_4bb15e1a54231d7a,2015-09-09,SEC_STM,analog_mixed_signal,0.4371711892540555,0.5826134213868179,172,2015-09-08,8,8,1.0,-0.005744627545482522,True,0.010163403292701326,-0.00827380869764787,0.018437211990349197
evt_71e2a9f4272e92d7,2015-09-10,SEC_KLAC,semiconductor_equipment,0.43105884335873906,0.6286149471593577,173,2015-09-09,6,6,1.0,-0.009608243280355644,True,0.019691121052644926,0.01096323573613742,0.008727885316507505
evt_bfc7b374dece00db,2015-10-14,SEC_ADI,analog_mixed_signal,0.5764817773086655,0.7816667680885867,197,2015-10-13,8,8,1.0,0.027916658027320143,True,0.009264321185227464,-0.003296463060996504,0.012560784246223968
evt_21c6812b93a27af8,2015-10-21,SEC_AMAT,semiconductor_equipment,0.42667476149484623,0.6266625426456239,202,2015-10-20,6,6,1.0,0.059691592895387016,True,-0.019530106482230192,-0.017099245460629735,-0.002430861021600457
evt_7422747f189f240a,2015-10-21,SEC_KLAC,semiconductor_equipment,0.41790818442685546,0.6021619673012293,202,2015-10-20,6,6,1.0,0.02714058372362262,True,0.020435614456206376,0.01722860374262633,0.0032070107135800455
evt_4f6049ed90526cb7,2015-10-22,SEC_TXN,analog_mixed_signal,0.5739687497437502,0.7825030641980326,203,2015-10-21,8,8,1.0,0.034312945684057655,True,-0.04059444490969623,-0.04785928486194958,0.007264839952253358
evt_2ad10db4b2fcee05,2015-10-29,SEC_NXPI,analog_mixed_signal,0.5017577616138663,0.687699577882337,208,2015-10-28,8,8,1.0,-0.03178389002771978,True,,,
evt_697f7b46b596589b,2015-11-18,SEC_ON,analog_mixed_signal,0.5081179880830466,0.7034814838356738,222,2015-11-17,8,8,1.0,0.02198823133018353,True,,,
evt_1a23cac5d8f5547f,2015-11-24,SEC_ADI,analog_mixed_signal,0.5458180640362826,0.7584082288264248,226,2015-11-23,8,8,1.0,0.007329017073330876,True,,,
evt_1267c2659af2b0f7,2016-01-20,SEC_ASML,semiconductor_equipment,0.39928741767199316,0.5975066116126967,244,2016-01-19,6,6,1.0,-0.009580198311485728,True,-0.016439438356457815,0.007388208105342134,-0.02382764646179995
evt_283628dac7f03ebf,2016-01-27,SEC_STM,analog_mixed_signal,0.4584234306902245,0.630418317009941,244,2016-01-26,8,8,1.0,-0.006805914805930666,True,0.11092175758003889,-0.018765454597511798,0.1296872121775507
evt_63e385fc934a5e1c,2016-02-04,SEC_NXPI,analog_mixed_signal,0.4963304007285351,0.6821517827170632,244,2016-02-03,8,8,1.0,0.004591439253905441,True,,,
evt_510e62e59ebbc7fc,2016-02-19,SEC_AMAT,semiconductor_equipment,0.40838108757740654,0.6009023485750093,244,2016-02-18,6,6,1.0,0.008298187446419636,True,-0.01015855531841181,-0.004465944320080278,-0.005692610998331533
evt_8bfaf705e17159fb,2016-04-27,SEC_STM,analog_mixed_signal,0.4626853341446239,0.6326237500288596,244,2016-04-26,8,8,1.0,0.00344112277984035,True,,,
evt_e6be611be47d49c7,2016-05-20,SEC_AMAT,semiconductor_equipment,0.4275688817659024,0.6162240915887217,245,2016-05-19,6,6,1.0,0.022457314631029547,True,-0.034557223279456054,-0.01064586893623366,-0.023911354343222398
evt_b5acddade6bcd2cf,2016-06-27,SEC_ON,analog_mixed_signal,0.5503793856665289,0.7376143781099443,245,2016-06-24,8,8,1.0,-0.03956715918339053,True,,,
evt_d107fad0c5b371b1,2016-07-27,SEC_STM,analog_mixed_signal,0.4835985731405617,0.6477009042552431,244,2016-07-26,8,8,1.0,0.008320785746952913,True,-0.022557569389351138,-0.028051225854027792,0.005493656464676654
evt_a73090287b1b71cb,2016-08-09,SEC_MCHP,analog_mixed_signal,0.5894741348454374,0.7953623631594631,244,2016-08-08,8,8,1.0,0.009901404375786155,True,,,
evt_0fe8c69f3175ef1c,2016-08-10,SEC_KLAC,semiconductor_equipment,0.3813209081053008,0.5407066134632905,244,2016-08-09,6,6,1.0,-0.01156524534821048,True,,,
evt_96b52ef5de5ad226,2016-08-19,SEC_AMAT,semiconductor_equipment,0.40516397201460913,0.5867163898356357,244,2016-08-18,6,6,1.0,0.014154610616042765,True,-0.019717979084664994,-0.007945735531693069,-0.011772243552971927
evt_62264828acf561e2,2016-09-16,SEC_ON,analog_mixed_signal,0.5306590482837825,0.7158295302800166,244,2016-09-15,8,8,1.0,-0.0033447149716506613,True,,,
evt_9a2ff34f81598fbc,2016-09-29,SEC_NXPI,analog_mixed_signal,0.5117563384862577,0.6900366172636183,244,2016-09-28,8,8,1.0,-0.0012239193164162443,True,,,
evt_57851d76bbd71f7c,2016-09-29,SEC_STM,analog_mixed_signal,0.4370617843126543,0.602801483070238,244,2016-09-28,8,8,1.0,0.023855718937971476,True,,,
evt_07682e9a0e085914,2016-10-27,SEC_STM,analog_mixed_signal,0.42514333804322024,0.5760451501694538,244,2016-10-26,8,8,1.0,-0.00029994002338822046,True,,,
evt_02ea67c3a476f194,2016-12-02,SEC_AMAT,semiconductor_equipment,0.4130420610627967,0.5759395571880708,244,2016-12-01,6,6,1.0,-0.015626889257852307,True,-0.004571367010660667,-0.019371567112741524,0.014800200102080857
evt_d8de4c03d656f479,2017-01-26,SEC_STM,analog_mixed_signal,0.3822929734625631,0.5220114094263791,243,2017-01-25,8,8,1.0,-0.0006405784346038279,True,-0.09903840373564841,-0.017546425931287666,-0.08149197780436075
evt_5bc4ad675e40cb27,2017-02-08,SEC_MCHP,analog_mixed_signal,0.5442517210142837,0.7228959638928576,244,2017-02-07,8,8,1.0,0.00017026605015176,True,0.03926136205596803,0.006763528481829932,0.032497833574138095
evt_3ad6c45f14f2dc8d,2017-04-19,SEC_ASML,semiconductor_equipment,0.37007045469731487,0.563396766796477,243,2017-04-18,6,6,1.0,0.02671081892592675,True,-0.021081799893003187,-0.0267919794890287,0.005710179596025513
evt_0ad9af9c665fd320,2017-04-19,SEC_LRCX,semiconductor_equipment,0.4189597408097709,0.6197366311128926,243,2017-04-18,6,6,1.0,0.010483207267922326,True,-0.006133081735269927,0.02290413925641825,-0.02903722099168818
evt_24df9d88f3995e91,2017-08-07,SEC_ON,analog_mixed_signal,0.45281220747322815,0.6621985867629527,243,2017-08-04,8,8,1.0,0.013170347078543893,True,-0.019452322780140557,-0.003913726976121746,-0.015538595804018812
evt_183c899d0e4d166c,2017-10-26,SEC_STM,analog_mixed_signal,0.41912321003374275,0.604483978299518,243,2017-10-25,8,8,1.0,0.00547012030277004,True,-0.004233966282800915,-0.0004118551610053046,-0.0038221111217956105
evt_70d0777f825336a3,2017-11-01,SEC_KLAC,semiconductor_equipment,0.43201302288425963,0.6641071541148966,243,2017-10-31,6,6,1.0,0.024113407070440313,True,-0.004408401013083817,0.002051898240083505,-0.006460299253167322
evt_107121f0996891a9,2018-01-24,SEC_TXN,analog_mixed_signal,0.4668027110339629,0.6806586336433701,243,2018-01-23,8,8,1.0,-0.024330208288873986,True,0.010995680274033528,-0.0016736216436581044,0.012669301917691632
evt_226978e1d19319de,2018-02-07,SEC_MCHP,analog_mixed_signal,0.5557663171424423,0.7801206885766737,243,2018-02-06,8,8,1.0,-0.01905017217404044,True,0.00013530217493041077,0.027117581283750976,-0.026982279108820565
evt_f59a48375149c087,2018-02-09,SEC_AMAT,semiconductor_equipment,0.516492831178916,0.743457989345215,244,2018-02-08,6,6,1.0,-0.002036091435510626,True,-0.06835159900172719,0.01643522831898741,-0.0847868273207146
evt_f45ba6f660b14aa2,2018-05-03,SEC_NXPI,analog_mixed_signal,0.3051527900620674,0.41060196372971536,243,2018-05-02,8,8,1.0,0.0043002546244122475,True,0.015483189425891079,-0.005116149580082248,0.020599339005973327
evt_c598bf7e35f60864,2018-05-14,SEC_NXPI,analog_mixed_signal,0.2329531032023085,0.31476940864008557,243,2018-05-11,8,8,1.0,0.0009893692299284135,True,-0.03042895015369789,0.009752242659331839,-0.04018119281302973
evt_2b345d6ed7efe961,2018-05-18,SEC_AMAT,semiconductor_equipment,0.5311356393229666,0.7734540291970137,244,2018-05-17,6,6,1.0,-0.026124622558721666,True,0.019540171556659065,0.016710565155929277,0.002829606400729788
evt_dc525e2571e6aac3,2018-07-25,SEC_STM,analog_mixed_signal,0.47951765839063176,0.6922322602270838,243,2018-07-24,8,8,1.0,-0.010160815496712619,True,0.005719712383422747,0.034420144466707686,-0.02870043208328494
evt_36a6e24d5b0250e7,2018-07-27,SEC_LRCX,semiconductor_equipment,0.5280402611799211,0.7721736252665103,243,2018-07-26,6,6,1.0,0.005200253541866854,True,0.04826649414225571,0.0324925502084545,0.01577394393380121
evt_331c68914d275122,2018-08-10,SEC_MCHP,analog_mixed_signal,0.5172311657649216,0.7584521778251224,243,2018-08-09,8,8,1.0,-0.030506791691415402,True,-0.02571762301819931,-0.005784197775231082,-0.019933425242968227
evt_defe83ee78e9c33e,2018-08-17,SEC_AMAT,semiconductor_equipment,0.5188206173154405,0.767578098055697,243,2018-08-16,6,6,1.0,-0.007717200003811875,True,-0.04037230861321342,0.018895741134135724,-0.059268049747349144
evt_0787c5671ed03f71,2018-09-06,SEC_KLAC,semiconductor_equipment,0.473157869057591,0.6930090238409907,243,2018-09-05,6,6,1.0,-0.037960443318606686,True,0.022309562115153357,0.019674584126691038,0.0026349779884623174
evt_b0d884abca4cc33d,2018-09-13,SEC_MPWR,analog_mixed_signal,0.5071902164325623,0.7361204810386252,243,2018-09-12,8,8,1.0,0.018229107095240893,True,-0.03432909471436073,-0.0027521334612638053,-0.031576961253096926
evt_65110c4e27e7b629,2018-10-24,SEC_STM,analog_mixed_signal,0.5334605487586437,0.7560162810836265,243,2018-10-23,8,8,1.0,-0.06702992861415083,True,0.03785383494165272,-0.02121683226470386,0.05907066720635658
evt_b24854d69656e775,2018-10-25,SEC_ASML,semiconductor_equipment,0.5167316668659279,0.7286194475059563,243,2018-10-24,6,6,1.0,-0.001324540637874017,True,0.04502535812177618,-0.00135849466412783,0.04638385278590401
evt_090deb0b171778f0,2018-11-01,SEC_NXPI,analog_mixed_signal,0.3135029101096237,0.412303835160003,243,2018-10-31,8,8,1.0,0.056299295864601695,True,-0.00145199805228624,-0.0005641033144596352,-0.0008878947378266047
evt_c70e106ebdba962b,2018-11-08,SEC_MCHP,analog_mixed_signal,0.5658669843180626,0.7725965253273225,243,2018-11-07,8,8,1.0,0.002943810320490764,True,-0.027963749885858563,0.005640195749936101,-0.03360394563579466
evt_dc2a1a20fd63c6b5,2019-01-03,SEC_STM,analog_mixed_signal,0.6586751599010559,0.8081270877622037,245,2019-01-02,7,7,1.0,-0.057718807345015485,True,0.046117037873144154,-0.020636704820048216,0.06675374269319237
evt_0242f211e0781b6e,2019-01-24,SEC_LRCX,semiconductor_equipment,0.5327358275910249,0.7611458545124692,243,2019-01-23,6,6,1.0,0.06075301461798828,True,0.007819838225281654,0.02097135425957907,-0.013151516034297418
evt_781b5395532fa8a7,2019-03-07,SEC_NXPI,analog_mixed_signal,0.4995426429598487,0.6234604468982483,243,2019-03-06,8,8,1.0,-0.030104053395154665,True,0.016717483618209742,-0.0033348046706728014,0.020052288288882544
evt_aeebfb66a3b1b6d8,2019-04-30,SEC_NXPI,analog_mixed_signal,0.6156044525457868,0.7053269381015965,245,2019-04-29,7,7,1.0,0.016502307178486504,True,,,
evt_5d852c3f6ece521c,2019-05-14,SEC_STM,analog_mixed_signal,0.6769259082280703,0.8413899622848054,243,2019-05-13,8,8,1.0,0.016958166761649476,True,-0.012399250583396472,-0.0055767280254733955,-0.006822522557923077
evt_15c19eaf12f7e477,2019-05-20,SEC_STM,analog_mixed_signal,0.6769096957163176,0.8376427534555962,244,2019-05-17,8,8,1.0,-0.033323349627644244,True,,,
evt_c70dff7a5435696e,2019-07-17,SEC_ASML,semiconductor_equipment,0.5582337614165097,0.7370338234043831,243,2019-07-16,6,6,1.0,0.01044762424943248,True,0.04240780711534858,0.037006154683889556,0.005401652431459023
evt_7066273b5fdcaea8,2019-08-05,SEC_ON,analog_mixed_signal,0.6880185353263997,0.8393520576857916,243,2019-08-02,8,8,1.0,-0.037606086786733176,True,,,
evt_5bc2cb700b0d48bb,2019-08-06,SEC_KLAC,semiconductor_equipment,0.5695330931669795,0.7497927413788631,243,2019-08-05,6,6,1.0,0.009997567138267474,True,,,
evt_4c9f2ae830b307d0,2019-10-09,SEC_MPWR,analog_mixed_signal,0.6771763765211245,0.8215775914531075,243,2019-10-08,8,8,1.0,0.014872317663754048,True,,,
evt_ed734793fa1e1185,2019-10-23,SEC_MPWR,analog_mixed_signal,0.6609415319929807,0.8046356277276364,243,2019-10-22,8,8,1.0,-0.04041176973605451,True,0.06420541205653206,-0.0016539303094948313,0.06585934236602689
evt_4622ce4b79f839f1,2019-10-24,SEC_LRCX,semiconductor_equipment,0.6109393748781359,0.8071725693427003,243,2019-10-23,6,6,1.0,0.04064071584149168,True,0.0037228632557853164,-0.004556015821628092,0.008278879077413408
evt_1d0f6325e64de201,2019-10-29,SEC_NXPI,analog_mixed_signal,0.664080636266567,0.8172278366707203,243,2019-10-28,8,8,1.0,0.0013809292376121274,True,,,
evt_1b638c73f042c58f,2019-11-15,SEC_AMAT,semiconductor_equipment,0.6185765381402206,0.813907025358693,244,2019-11-14,6,6,1.0,0.019958997446096895,True,0.037193737869322514,-0.02642198538877933,0.06361572325810184
evt_dfc5fdab2d1e5370,2020-01-23,SEC_STM,analog_mixed_signal,0.6340757257999601,0.797022722305714,244,2020-01-22,8,8,1.0,0.0074627573890600485,True,-0.04613000970331675,-0.009076237107079712,-0.03705377259623704
evt_d633371104c85a1c,2020-01-30,SEC_LRCX,semiconductor_equipment,0.5644665914127076,0.7701952481202116,244,2020-01-29,6,6,1.0,-0.015257962327737554,True,-0.012608986891897194,0.0014232501824973758,-0.01403223707439457
evt_6a6f8bd62a8c2f6f,2020-02-03,SEC_ON,analog_mixed_signal,0.6419863691882803,0.7969451371937262,244,2020-01-31,8,8,1.0,0.006757835630839232,True,-0.028839126643447465,-0.01789491535447783,-0.010944211288969635
evt_6b965bebcc275bb6,2020-02-05,SEC_KLAC,semiconductor_equipment,0.5237781483986111,0.7187698985372912,244,2020-02-04,6,6,1.0,0.014683369073295259,True,,,
evt_b5e76c83df435bab,2020-02-28,SEC_KLAC,semiconductor_equipment,0.5412158348818888,0.7281889004421678,244,2020-02-27,6,6,1.0,-0.015455445064121644,True,-0.005061658561684133,0.011998941542583626,-0.01706060010426776
evt_b8d8cd4061bd793b,2020-02-28,SEC_ON,analog_mixed_signal,0.6054841682163418,0.7469990451656682,244,2020-02-27,8,8,1.0,-0.00645333839740507,True,0.04274869815927823,-0.028853371387548482,0.07160206954682671
evt_f5f8a3105afe5d89,2020-03-10,SEC_MPWR,analog_mixed_signal,0.6193498786434151,0.7521317558710827,244,2020-03-09,8,8,1.0,0.04771077441851329,True,-0.2336508793602154,-0.06470533947913816,-0.16894553988107724
evt_72c80639a89aa325,2020-03-13,SEC_AMAT,semiconductor_equipment,0.6510719081301298,0.8481822138641794,244,2020-03-12,6,6,1.0,0.03690190581748409,True,,,
evt_722a6f03bc562fc9,2020-03-13,SEC_KLAC,semiconductor_equipment,0.6039081865559358,0.7814474838351604,244,2020-03-12,6,6,1.0,0.03165369557655025,True,,,
evt_d2c9c274a8441027,2020-03-13,SEC_LRCX,semiconductor_equipment,0.6417075624510938,0.8352954488789835,244,2020-03-12,6,6,1.0,0.041488866638878,True,,,
evt_bcf5074b21e288cc,2020-03-16,SEC_MCHP,analog_mixed_signal,0.7280163116902167,0.8978189948355885,244,2020-03-13,8,8,1.0,-0.14937337835133588,True,,,
evt_227b135c7b279094,2020-03-19,SEC_ASML,semiconductor_equipment,0.6128833044191214,0.8320212582006296,244,2020-03-18,6,6,1.0,0.0013101135175378432,True,,,
evt_90192b21228a3af6,2020-03-23,SEC_MCHP,analog_mixed_signal,0.7224463124547225,0.8966074316560746,244,2020-03-20,8,8,1.0,0.033023483987471985,True,0.07154759076589927,-0.021957137649611297,0.09350472841551057
evt_b0f2ea088a342de9,2020-03-26,SEC_LRCX,semiconductor_equipment,0.6689664777100757,0.8909047638264648,244,2020-03-25,6,6,1.0,0.032816998431020296,True,0.08780826110689009,-0.0034512299023750134,0.0912594910092651
evt_9196d3e97f5c32f7,2020-05-05,SEC_STM,analog_mixed_signal,0.7846734903609153,0.8832166861765062,246,2020-05-04,7,7,1.0,0.028242548647336836,True,0.004997281634401607,0.014161941467658961,-0.009164659833257354
evt_6d3e64c5638c8be1,2020-07-13,SEC_ADI,analog_mixed_signal,0.7377453906568143,0.8979035607126876,244,2020-07-10,8,8,1.0,0.001181212555877456,True,-0.0368072552866672,-0.011819626762596121,-0.024987628524071083
evt_cd0101d878dac35f,2020-07-29,SEC_MPWR,analog_mixed_signal,0.6784927495813249,0.813996633741488,244,2020-07-28,8,8,1.0,0.0069073334881684795,True,-0.038615910768538625,-0.009743270536853523,-0.0288726402316851
evt_a06bf8b2f1945e3c,2020-08-05,SEC_MCHP,analog_mixed_signal,0.7457727014629915,0.9105062890226001,244,2020-08-04,8,8,1.0,-0.00724577325649145,True,,,
evt_1f39e4239d7a1eab,2020-09-04,SEC_ON,analog_mixed_signal,0.682330805028968,0.831778094412234,245,2020-09-03,8,8,1.0,-0.00868588845535559,True,,,
evt_c0b661a303f0e4f2,2020-09-08,SEC_KLAC,semiconductor_equipment,0.6061980635240712,0.830087883244986,244,2020-09-07,6,6,1.0,-0.04257146928683945,True,0.011491456826249172,0.021711421071689954,-0.010219964245440782
evt_0d8e596172319cde,2020-10-08,SEC_ON,analog_mixed_signal,0.681271367622013,0.8313248778229666,244,2020-10-07,8,8,1.0,0.011623751219981812,True,0.024229264015859994,0.000984440216066136,0.023244823799793857
evt_0c5430146d69deb5,2020-11-09,SEC_MPWR,analog_mixed_signal,0.6769290928696793,0.810155584416709,244,2020-11-06,8,8,1.0,0.014865382918068062,True,-0.05205649441007035,0.014477300497383414,-0.06653379490745376
evt_6e40816a70b7cd65,2020-12-09,SEC_STM,analog_mixed_signal,0.7195947564958449,0.8812246100407808,244,2020-12-08,8,8,1.0,-0.024765077206248418,True,0.02224139177182731,0.0006751392665794581,0.02156625250524785
evt_c3b5f0398b0f05c3,2021-02-25,SEC_LRCX,semiconductor_equipment,0.6271196759582094,0.8789337662896475,244,2021-02-24,6,6,1.0,-0.027840466736080163,True,0.039027320444486376,0.003861573123103862,0.035165747321382515
evt_4bb43fbd30a64554,2021-02-26,SEC_ON,analog_mixed_signal,0.6747637981706358,0.8402687959743739,244,2021-02-25,8,8,1.0,0.012460076394751898,True,-0.027076891048882838,-0.0047149890086880175,-0.02236190204019482
evt_af87a7f48370c4a4,2021-03-05,SEC_NXPI,analog_mixed_signal,0.6736288908211456,0.8658508175376355,244,2021-03-04,8,8,1.0,0.02086989711750266,True,0.004466354018327443,0.0030345788690696153,0.001431775149257828
evt_7485fda56cd23c1d,2021-03-15,SEC_NXPI,analog_mixed_signal,0.6884967475266166,0.8800958646218004,244,2021-03-12,8,8,1.0,0.013320211386858585,True,0.020835440880239656,0.009400390606105237,0.011435050274134419
evt_ef32c62253acd1d8,2021-07-30,SEC_KLAC,semiconductor_equipment,0.5683959740302909,0.8528466347155922,244,2021-07-29,6,6,1.0,0.003429071261547253,True,0.022138573197801194,-0.003328870848318214,0.02546744404611941
evt_9e61e826cd39c16e,2021-08-02,SEC_ON,analog_mixed_signal,0.6263450556729083,0.8107033700332902,244,2021-07-30,8,8,1.0,0.01455582280874776,True,,,
evt_4aabd9e2eeea84f2,2021-11-01,SEC_ON,analog_mixed_signal,0.6397848937278401,0.830739907371219,244,2021-10-29,8,8,1.0,0.010387283858720037,True,,,
evt_3676669a7af8ced9,2021-11-19,SEC_AMAT,semiconductor_equipment,0.5629708505320762,0.8460278131857644,245,2021-11-18,6,6,1.0,0.005395713217646425,True,,,
evt_f582edfe4e326908,2021-12-06,SEC_MPWR,analog_mixed_signal,0.6289435080294258,0.8094804907850423,244,2021-12-03,8,8,1.0,-0.0033948050364184246,True,-0.06096022954645175,-0.003921920315193483,-0.057038309231258265
evt_9ac3ef66d3847896,2022-01-18,SEC_AMAT,semiconductor_equipment,0.5629910514103685,0.8407065020045061,244,2022-01-17,6,6,1.0,-0.03410780820129766,True,-0.000437079693881879,0.02394714499626592,-0.0243842246901478
evt_986ac29809c91517,2022-01-24,SEC_KLAC,semiconductor_equipment,0.5426934584555235,0.8067686658167232,244,2022-01-21,6,6,1.0,-0.0017374628292369243,True,-0.028071978186734996,-0.02710709683341101,-0.0009648813533239854
evt_255cb7b76fb3b8b4,2022-02-07,SEC_ON,analog_mixed_signal,0.6480231001680921,0.8305277337276336,245,2022-02-04,8,8,1.0,-0.007239325029038443,True,,,
evt_73a542076b351672,2022-02-15,SEC_MPWR,analog_mixed_signal,0.609251946496755,0.7734294598428538,245,2022-02-14,8,8,1.0,0.039257966403728126,True,,,
evt_74d459ee3f718346,2022-05-03,SEC_MPWR,analog_mixed_signal,0.6949752517531221,0.7991797976436306,246,2022-05-02,7,7,1.0,0.007801225149225146,True,0.07074038005061035,0.014229134524528831,0.05651124552608153
evt_3ceafd91c5fd306e,2022-06-02,SEC_ON,analog_mixed_signal,0.6709549372891572,0.8399593167283029,244,2022-06-01,8,8,1.0,0.022200055749827502,True,-0.04996676117487316,-0.007772628048226834,-0.04219413312664633
evt_8450c36a1b8b7528,2022-06-09,SEC_NXPI,analog_mixed_signal,0.7038716192809171,0.8889494263635223,244,2022-06-08,8,8,1.0,-0.02789520649892807,True,0.02160387091794788,-0.0028482825867658136,0.024452153504713695
evt_98a284680b823f63,2022-07-07,SEC_ON,analog_mixed_signal,0.6761797538146879,0.8392047563369158,243,2022-07-06,8,8,1.0,0.033104577592353496,True,-0.011774164452919872,0.014479476640328073,-0.026253641093247945
evt_4365fc665ef18ceb,2022-08-02,SEC_MPWR,analog_mixed_signal,0.6706669662598447,0.820415150840847,243,2022-08-01,8,8,1.0,-0.004383008730726584,True,-0.026613407385863767,0.003537203717996363,-0.03015061110386013
evt_dbeeb39048dc6b5c,2022-10-20,SEC_LRCX,semiconductor_equipment,0.6560435061454382,0.886783792606273,243,2022-10-19,6,6,1.0,0.010065044667151819,True,-0.017354253594235772,0.04161045674267329,-0.05896471033690906
evt_873a916cbe9af43e,2022-10-27,SEC_STM,analog_mixed_signal,0.7398036297275596,0.8995960067703139,243,2022-10-26,8,8,1.0,-0.01683566272748399,True,,,
evt_47301c8e1e0be475,2022-11-10,SEC_ASML,semiconductor_equipment,0.6398112754684415,0.8674869032887514,243,2022-11-09,6,6,1.0,0.062021569818148915,True,-0.029734125729764728,-0.015743350095034147,-0.013990775634730581
evt_979ef12a1cf2a457,2022-11-10,SEC_ON,analog_mixed_signal,0.7280770237423331,0.8877631159845726,243,2022-11-09,8,8,1.0,0.07902615067136735,True,0.04437505598455977,-0.013211943827521297,0.05758699981208107
evt_695c225af8ef4146,2023-01-26,SEC_STM,analog_mixed_signal,0.7583626995358149,0.9208208950682557,242,2023-01-25,8,8,1.0,0.017798420403213305,True,-0.0014478692005220305,0.024768637493457542,-0.026216506693979572
evt_8591e7f2ed619f9f,2023-01-27,SEC_KLAC,semiconductor_equipment,0.6284040836170854,0.8671866601945859,242,2023-01-26,6,6,1.0,-0.012457545373680174,True,-0.02938928953248186,-0.006448856567044684,-0.022940432965437175
evt_0453021042124a46,2023-02-09,SEC_MPWR,analog_mixed_signal,0.7252618649178366,0.8757591467187179,243,2023-02-08,8,8,1.0,0.006299420310054246,True,0.03270179468073155,0.04948327318347528,-0.01678147850274373
evt_d83e3d67c498f24f,2023-02-14,SEC_GFS,foundry,0.4219140669772055,0.5277168646124062,252,2023-02-13,3,3,1.0,0.01014856505653235,True,,,
evt_aae0d4ee7fd82878,2023-02-15,SEC_ADI,analog_mixed_signal,0.7524148083184182,0.9140532188039655,243,2023-02-14,8,8,1.0,0.012933241020046463,True,,,
evt_bde4b90f2c331207,2023-04-20,SEC_LRCX,semiconductor_equipment,0.6322692779066971,0.8663725329053228,242,2023-04-19,6,6,1.0,0.022240303409890767,True,0.010609943625697952,0.03099225332047555,-0.020382309694777598
evt_81d5be0300504235,2023-04-27,SEC_KLAC,semiconductor_equipment,0.6283783440703962,0.8677353674480892,242,2023-04-26,6,6,1.0,0.014735208678455161,True,,,
evt_2062f664e196196e,2023-04-27,SEC_STM,analog_mixed_signal,0.7295346029222397,0.8976321307923748,242,2023-04-26,8,8,1.0,-0.0189948392131907,True,,,
evt_d314df944e4fb5f5,2023-05-05,SEC_MPWR,analog_mixed_signal,0.7861851097679585,0.8677626688994652,244,2023-05-04,7,7,1.0,0.019331142344350658,True,-0.019580979331745043,0.0018946072395445704,-0.021475586571289614
evt_954f7474f4a46bd1,2023-05-09,SEC_GFS,foundry,0.5048404236287442,0.6198149156655144,252,2023-05-08,3,3,1.0,-0.013843297486806978,True,0.016622357971480775,0.048782427396062616,-0.03216006942458184
evt_e0b741f5b83b5ddd,2023-05-25,SEC_IFX_DE,analog_mixed_signal,0.5928725526547529,0.7077896643175748,247,2023-05-24,8,8,1.0,0.03362079799203796,True,,,
evt_e04db613338491fc,2023-05-25,SEC_MPWR,analog_mixed_signal,0.6681497500506193,0.8159024334976583,243,2023-05-24,8,8,1.0,0.009459699969218832,True,,,
evt_8435161a6acd1b11,2023-05-25,SEC_MRVL,fabless_compute,0.7036123771929791,0.8103023057797414,252,2023-05-24,3,3,1.0,0.15044514480840224,True,,,
evt_2dd594df5ef1a394,2023-05-25,SEC_NVDA,fabless_compute,0.7104513224899066,0.8145904813823005,252,2023-05-24,3,3,1.0,0.0945137454240832,True,,,
evt_354fc2ae8b3567af,2023-05-25,SEC_TSM,foundry,0.5822339946306064,0.7538865801381011,252,2023-05-24,3,3,1.0,0.01334417245674202,True,,,
evt_abd4c9782305f375,2023-06-01,SEC_AMD,fabless_compute,0.6660803997412835,0.7706428918560985,252,2023-05-31,3,3,1.0,0.10942758687388861,True,0.043565208530577146,0.03230695121890775,0.011258257311669396
evt_23834c9e89c9b9b9,2023-06-01,SEC_CRDO,fabless_compute,0.450588073308026,0.49269025845774317,252,2023-05-31,3,3,1.0,0.035484297203145276,True,0.01648882268437887,-0.01729344341516875,0.03378226609954762
evt_445f629214a2d8cf,2023-07-26,SEC_TSEM,foundry,0.3385792301079509,0.39498621021445895,252,2023-07-25,3,3,1.0,-0.018036472555468287,True,-0.02834675301181947,-0.02984765546769399,0.001500902455874517
evt_2359ab147ef357bb,2023-08-04,SEC_MCHP,analog_mixed_signal,0.7279460261182695,0.928460548135593,242,2023-08-03,8,8,1.0,-0.016387207899462353,True,,,
evt_2557daf185a14c6a,2023-08-16,SEC_TSEM,foundry,0.3192387942332557,0.3667327747859867,252,2023-08-15,3,3,1.0,-0.016836070736389076,True,-0.017540685240612516,0.023007495027283324,-0.04054818026789584
evt_5d632deec8a09343,2023-08-24,SEC_NVDA,fabless_compute,0.6355144685054476,0.7480042471683263,252,2023-08-23,3,3,1.0,-0.0707437383977888,True,0.006929012452211635,0.009144853392744609,-0.0022158409405329737
evt_1dc89d72611f0115,2023-10-30,SEC_ON,analog_mixed_signal,0.6707349447747116,0.8619051535535512,242,2023-10-27,8,8,1.0,-0.026654828084292537,True,,,
evt_317b0a9dcaf2091e,2023-11-01,SEC_AMD,fabless_compute,0.5915192671874283,0.6988329003665125,252,2023-10-31,3,3,1.0,0.02304942312873518,True,0.02221830252872766,0.0047980231558289385,0.017420279372898723
evt_e4475db5dd200199,2023-11-16,SEC_MRVL,fabless_compute,0.5733354899001082,0.6953734003581741,252,2023-11-15,3,3,1.0,0.014566817441857097,True,,,
evt_266e2a3cd065e6a1,2023-11-22,SEC_NVDA,fabless_compute,0.5687531489847357,0.6758586666701627,252,2023-11-21,3,3,1.0,0.027651611349242506,True,,,
evt_d67eae4bc85d445e,2023-12-01,SEC_CRDO,fabless_compute,0.39482766986167733,0.4556369157099488,252,2023-11-30,3,3,1.0,-0.016927794269555003,True,0.0721654989963532,0.036153740763653436,0.03601175823269977
evt_1883714bed7947b5,2023-12-01,SEC_MRVL,fabless_compute,0.5644682293570703,0.6861559595581628,252,2023-11-30,3,3,1.0,0.022186558520216816,True,-0.010181057311556645,-0.020657630342454297,0.010476573030897652
evt_f50114fbe7a15265,2023-12-07,SEC_AMD,fabless_compute,0.5553863978998113,0.6588018927186248,252,2023-12-06,3,3,1.0,0.023230369472299353,True,0.005785944459556858,0.0004162741071130861,0.005369670352443772
evt_c6ba31bbbf60e1ac,2023-12-13,SEC_6146_T,semiconductor_equipment,0.20527711614331054,0.27814158783897686,238,2023-12-12,6,6,1.0,0.01933977160823802,True,0.01603426531800679,-0.0015747282788760543,0.017608993596882845
evt_76d052def8dc2f64,2024-01-16,SEC_AMD,fabless_compute,0.5404134133673321,0.6428119907655756,252,2024-01-12,3,3,1.0,0.010962299985147675,True,0.029760368443613325,0.01665595102375212,0.013104417419861205
evt_51e2aeaf565ff7be,2024-01-18,SEC_TSM,foundry,0.5014159889348395,0.6366585941484344,252,2024-01-17,3,3,1.0,0.024208445949889613,True,-6.833251574790006e-05,-0.026964154885109268,0.026895822369361368
evt_4095ea817b0ec684,2024-01-24,SEC_ASML,semiconductor_equipment,0.5166662765489465,0.7215683897588961,243,2024-01-23,6,6,1.0,0.021570960090196618,True,-0.05958549863641274,0.006086405314585664,-0.06567190395099841
evt_5cd1a774a5684e9e,2024-02-05,SEC_GFS,foundry,0.52349931125011,0.6728694381505225,252,2024-02-02,3,3,1.0,0.009430751978834806,True,0.013684868387754175,-0.01935509877026009,0.033039967158014265
evt_9d9f48550acbdbad,2024-02-05,SEC_NVDA,fabless_compute,0.5244588441493132,0.6311325906050856,252,2024-02-02,3,3,1.0,-0.017190984274775868,True,-0.010883070149242096,-0.016040881982321724,0.005157811833079628
evt_ad7974a03f46aeeb,2024-02-05,SEC_ON,analog_mixed_signal,0.5832986273427978,0.7478806583032104,243,2024-02-02,8,8,1.0,0.013849557234200796,True,,,
evt_0d001dc1b7614a8d,2024-02-14,SEC_TSEM,foundry,0.33243218485232107,0.397761874957033,252,2024-02-13,3,3,1.0,0.012376042423575113,True,,,
evt_a48a5a35b1e5f231,2024-02-16,SEC_AMAT,semiconductor_equipment,0.5530582292890328,0.7804864414313463,244,2024-02-15,6,6,1.0,0.006113888608958526,True,,,
evt_ea5519ebbea83e2e,2024-02-22,SEC_NVDA,fabless_compute,0.5423603406352969,0.6520312866647694,252,2024-02-21,3,3,1.0,0.0775029928895908,True,-0.0031510350315138488,0.00017697899477880571,-0.0033280140262926545
evt_076b9134d5ceeb1d,2024-02-29,SEC_AMD,fabless_compute,0.5566342267295155,0.665570122941798,252,2024-02-28,3,3,1.0,0.01708055499712809,True,0.03369161744773226,0.05461789108434151,-0.02092627363660925
evt_479f990ec3193a86,2024-02-29,SEC_CRDO,fabless_compute,0.506349959430204,0.6021954090681096,252,2024-02-28,3,3,1.0,0.05674427170352906,True,-0.09578527694333658,-0.0701413059582426,-0.025643970985093977
evt_25814792d6533f90,2024-03-08,SEC_MRVL,fabless_compute,0.5500189359708354,0.6644155616711048,252,2024-03-07,3,3,1.0,-0.02922487290560586,True,-0.04324103807016959,0.02396950481279915,-0.06721054288296874
evt_08431c53215ee836,2024-04-24,SEC_ASML,semiconductor_equipment,0.5292990135487922,0.7076743473390827,243,2024-04-23,6,6,1.0,0.04154615422782171,True,,,
evt_06a6d5b4f8f5029c,2024-05-02,SEC_MPWR,analog_mixed_signal,0.5631199562771769,0.7145800545534999,243,2024-05-01,8,8,1.0,0.002103701011414119,True,,,
evt_379d321cd779dc89,2024-05-07,SEC_GFS,foundry,0.5005426076171324,0.6343180592946618,252,2024-05-06,3,3,1.0,-0.0025140239293148046,True,0.036249745537332845,0.03575696355835176,0.0004927819789810849
evt_d3c4792c3dc0f788,2024-05-22,SEC_ADI,analog_mixed_signal,0.6506326381650411,0.8429482162744001,244,2024-05-21,8,8,1.0,0.0226055289696505,True,,,
evt_a76d3784898cdfa9,2024-05-23,SEC_GFS,foundry,0.4759447070759916,0.6088546124183482,252,2024-05-22,3,3,1.0,-0.008253182946401538,True,,,
evt_b56538575e6de27c,2024-05-23,SEC_NVDA,fabless_compute,0.5665771053525339,0.6748294641093665,252,2024-05-22,3,3,1.0,-0.010690620162024305,True,,,
evt_1b53dc1134b0528b,2024-05-30,SEC_AMD,fabless_compute,0.5831501313869093,0.6987087395023118,252,2024-05-29,3,3,1.0,0.08232596902090883,True,0.0046891740066222765,0.017140376922332733,-0.012451202915710457
evt_4454653a33179335,2024-05-30,SEC_CRDO,fabless_compute,0.489792677590786,0.567675430325886,252,2024-05-29,3,3,1.0,-0.004599029524695819,True,-0.015715358428787126,-0.019896923027873943,0.004181564599086817
evt_ce2ff84c0263fd96,2024-05-30,SEC_NVDA,fabless_compute,0.5750104092689563,0.6908868583131778,252,2024-05-29,3,3,1.0,0.09813109580052704,True,0.12738709573714624,0.04781485735496373,0.07957223838218251
evt_9590441835585700,2024-06-05,SEC_ASML,semiconductor_equipment,0.4852616225164956,0.6568321650962821,243,2024-06-04,6,6,1.0,0.023494037386299828,True,0.031558336726808744,0.019188398012889598,0.012369938713919143
evt_741fa25782f8a482,2024-06-10,SEC_AMD,fabless_compute,0.5761974724352943,0.7117046268432972,252,2024-06-07,3,3,1.0,0.02717715023839632,True,-0.04851284396554689,-0.006279182523666656,-0.04223366144188023
evt_cb5d73022f8e2ff5,2024-07-17,SEC_GFS,foundry,0.45948843298644143,0.5812279761743998,252,2024-07-16,3,3,1.0,-0.046760503024076194,True,0.09007030577448172,0.0364854929864037,0.05358481278807802
evt_15f9049bf705028b,2024-07-17,SEC_TSM,foundry,0.45717823483371656,0.5660411789715667,252,2024-07-16,3,3,1.0,0.0025532507117422467,True,-0.02645894422963565,-0.020582652600192184,-0.005876291629443467
evt_ffa556a774e0a1b1,2024-07-24,SEC_TSEM,foundry,0.345726279274946,0.42953978258244946,252,2024-07-23,3,3,1.0,-0.04403626190577684,True,0.1007730815787872,0.04661371274246186,0.05415936883632535
evt_57ff0708c37c0d58,2024-07-25,SEC_STM,analog_mixed_signal,0.6420449993128665,0.8504694703860436,243,2024-07-24,8,8,1.0,-0.037765316899521076,True,-0.05961351224612735,-0.013126920444197901,-0.04648659180192945
evt_2dfd30fe73d92dca,2024-07-25,SEC_TXN,analog_mixed_signal,0.6188587802925671,0.8091110084276752,243,2024-07-24,8,8,1.0,-0.056242357105108526,True,0.004708268710792593,0.007026337829160706,-0.002318069118368113
evt_3570348f5500a2c2,2024-07-31,SEC_MPWR,analog_mixed_signal,0.5422344686281846,0.6980133055931527,243,2024-07-30,8,8,1.0,0.03288205809620684,True,-0.007948975966427085,-0.0009148276990219072,-0.007034148267405178
evt_6d2d5621ee43b3ad,2024-07-31,SEC_TSEM,foundry,0.35160205733972233,0.4325356305798024,252,2024-07-30,3,3,1.0,0.07648817491974991,True,0.0009755050179123606,-0.03613979667097392,0.03711530168888628
evt_e230df85eb0ae70a,2024-07-31,SEC_UMC,foundry,0.4948180945016864,0.6550108547011376,252,2024-07-30,3,3,1.0,0.03554681300545851,True,-0.060271580789645784,0.021315777728040563,-0.08158735851768635
evt_7a869b1592a99c86,2024-08-01,SEC_LRCX,semiconductor_equipment,0.581778256623825,0.7956814858096649,243,2024-07-31,6,6,1.0,-0.04539630319766655,True,0.0280169502325759,0.022258646072708128,0.005758304159867771
evt_b5759d67d1334cbc,2024-08-30,SEC_MRVL,fabless_compute,0.570128417358245,0.6950325913404108,252,2024-08-29,3,3,1.0,0.009333238047038709,True,,,
evt_2777eafec707270b,2024-09-05,SEC_CRDO,fabless_compute,0.4677482069021152,0.542897579592704,252,2024-09-04,3,3,1.0,-0.004854704818816224,True,-0.03698185636382708,-0.06786379525359366,0.030881938889766584
evt_cf5fd7a1e2fb55e7,2024-10-10,SEC_AMD,fabless_compute,0.5741944046935648,0.6929608194985607,252,2024-10-09,3,3,1.0,0.023674091282388284,True,-0.0907390353674081,-0.053477217552810034,-0.03726181781459807
evt_1a9ef94fd9c258e3,2024-10-15,SEC_ASML,semiconductor_equipment,0.5730822315852832,0.7412228897575307,243,2024-10-14,6,6,1.0,-0.07273997801455152,True,0.02905859339186543,0.03211099252711469,-0.0030523991352492605
evt_d036be9d3622e678,2024-10-15,SEC_KLAC,semiconductor_equipment,0.5874445114766716,0.7596340643645076,243,2024-10-14,6,6,1.0,-0.07534741035627007,True,-0.02193126356621032,0.02482672724738958,-0.0467579908135999
evt_e45489e48955ea17,2024-10-17,SEC_TSM,foundry,0.5119934398175144,0.632250568402802,252,2024-10-16,3,3,1.0,0.0018909442051633363,True,0.018845893689579524,-0.01464896176111367,0.033494855450693195
evt_c41b3fc24ba0c182,2024-10-30,SEC_AMD,fabless_compute,0.5585155678892552,0.6776621313164896,252,2024-10-29,3,3,1.0,-0.025187442562826234,True,-0.10540548995825114,-0.07414569971007443,-0.03125979024817671
evt_ae0c5224629894a3,2024-10-30,SEC_ASML,semiconductor_equipment,0.5765867805254731,0.754436080864803,243,2024-10-29,6,6,1.0,0.01865387732726344,True,,,
evt_9bb897f2b936bd55,2024-10-31,SEC_MPWR,analog_mixed_signal,0.5856284935833623,0.7350510645360915,243,2024-10-30,8,8,1.0,-0.031400742750876606,True,,,
evt_d4bd2d463a41970a,2024-11-05,SEC_GFS,foundry,0.4821832065033362,0.5877777136403998,252,2024-11-04,3,3,1.0,0.007890294447661983,True,-0.01871296339960753,-0.001828999262157644,-0.016883964137449886
evt_5971a99ce9ddff47,2024-11-05,SEC_UMC,foundry,0.526362896446037,0.6761422717189527,252,2024-11-04,3,3,1.0,0.06269238812981182,True,-0.009920002342727899,-0.005329242173426216,-0.004590760169301683
evt_bf06ce4802b7a980,2024-11-11,SEC_MPWR,analog_mixed_signal,0.566672964525083,0.719450451961135,243,2024-11-08,8,8,1.0,-0.008880315209873868,True,-0.05568991612027649,-0.0109302085404384,-0.04475970757983809
evt_8f0945aa9ef79e4a,2024-11-12,SEC_TSEM,foundry,0.4040884169102008,0.5030500023425837,252,2024-11-11,3,3,1.0,-0.008678444714362632,True,0.09202555647934707,-0.030145441442282477,0.12217099792162955
evt_cfb5afde1d3095f3,2024-11-15,SEC_AMAT,semiconductor_equipment,0.6019928474984253,0.8022791334905923,244,2024-11-14,6,6,1.0,-0.021888707572887984,True,0.02205087922811603,0.015140375211462428,0.0069105040166536
evt_38e841a36faa70e1,2024-12-03,SEC_AMD,fabless_compute,0.5475104319885071,0.658065950956703,252,2024-12-02,3,3,1.0,0.16027344268108898,True,-0.11613156622040643,-0.034153345229564376,-0.08197822099084205
evt_d2bc76079de5706f,2024-12-03,SEC_CRDO,fabless_compute,0.46712775625020764,0.5466852308119763,252,2024-12-02,3,3,1.0,0.00046226841440725596,True,0.05530385552792623,0.018946417556444307,0.03635743797148192
evt_bf3ba8edbae6ce00,2024-12-03,SEC_MCHP,analog_mixed_signal,0.6437552716196648,0.8311517384435047,243,2024-12-02,8,8,1.0,-0.009874741134510673,True,-0.042702129506587264,-0.013880374575044454,-0.028821754931542806
evt_e3e088550f4bc8a0,2024-12-03,SEC_MRVL,fabless_compute,0.5663088832953088,0.6857106740123662,252,2024-12-02,3,3,1.0,0.16335504203613765,True,0.19803988066955328,0.04438951649292556,0.15365036417662772
evt_8c82836cc9f00fe7,2024-12-03,SEC_NVDA,fabless_compute,0.5427538569369229,0.6499876447146067,252,2024-12-02,3,3,1.0,0.15616641967842468,True,-0.02660445892122067,-0.011771568404767924,-0.014832890516452747
evt_57673bff972bf6b9,2024-12-13,SEC_NVDA,fabless_compute,0.5135118113241414,0.6248479972929525,252,2024-12-12,3,3,1.0,0.06322709340881771,True,0.07943562130374016,0.04197983418679037,0.03745578711694979
evt_26f8643a1cf249f7,2025-01-06,SEC_STM,analog_mixed_signal,0.6010353957257188,0.7834297403288396,244,2025-01-03,8,8,1.0,0.017743174280591148,True,,,
evt_a324b7c527120799,2025-01-27,SEC_AMD,fabless_compute,0.49917251175779837,0.6104514887952551,252,2025-01-24,3,3,1.0,-0.22325285685784302,True,0.13276279112218095,0.12306048310905286,0.009702308013128082
evt_47c53dc22275b3ca,2025-01-27,SEC_MPWR,analog_mixed_signal,0.5268527585713146,0.6826882808649682,242,2025-01-24,8,8,1.0,-0.0033430262153217316,True,0.11397303151507235,0.07169182280049535,0.04228120871457699
evt_4f07808175d26fd6,2025-01-27,SEC_TSEM,foundry,0.3223401419976386,0.4111644437700587,252,2025-01-24,3,3,1.0,-0.04775733775131363,True,0.049230377330170445,-0.02987689431401621,0.07910727164418666
evt_44c11963077cd79b,2025-01-27,SEC_UMC,foundry,0.4322575176670207,0.5847371465720534,252,2025-01-24,3,3,1.0,-0.1046091218474033,True,-0.01249449035366735,0.03906086605814198,-0.051555356411809326
evt_da7b31d3c4ffb57d,2025-02-10,SEC_ON,analog_mixed_signal,0.6054698673520054,0.8033011064033838,243,2025-02-07,8,8,1.0,-0.006030849535139854,True,,,
evt_cb464ea92649ac5c,2025-02-11,SEC_GFS,foundry,0.3671128521732703,0.46786135457891154,252,2025-02-10,3,3,1.0,-0.008748869586445088,True,,,
evt_b091567a8188c469,2025-02-14,SEC_AMAT,semiconductor_equipment,0.5958488896082633,0.7987021507969848,243,2025-02-13,6,6,1.0,-0.014632667254270907,True,,,
evt_66848f74262bf942,2025-03-05,SEC_CRDO,fabless_compute,0.4527587878537609,0.5423953177911637,252,2025-03-04,3,3,1.0,0.013638997931586738,True,0.11802418636667347,0.03411490418672132,0.08390928217995215
evt_2582f4769ecbb863,2025-03-10,SEC_MCHP,analog_mixed_signal,0.5964677423049466,0.7951020350370995,242,2025-03-07,8,8,1.0,-0.03783734933285186,True,0.028015743748600896,0.04699303431005384,-0.018977290561452944
evt_5c3a68735f2169fc,2025-03-31,SEC_UMC,foundry,0.3810873137854998,0.5058017920246785,252,2025-03-28,3,3,1.0,0.003857475766148847,True,0.03642793405409154,0.03853904345118982,-0.002111109397098276
evt_acf031304cc5cf24,2025-04-03,SEC_MCHP,analog_mixed_signal,0.5941456852248301,0.7874908106599681,243,2025-04-02,8,8,1.0,-0.10261395269362782,True,0.023386494767926834,0.017304986582646502,0.006081508185280332
evt_d472c66a44934574,2025-04-07,SEC_AMAT,semiconductor_equipment,0.5924637727174691,0.796703319310453,243,2025-04-04,6,6,1.0,-0.027359133514840372,True,0.028577995865699236,0.024419582110061944,0.004158413755637292
evt_40b6acb35f691f7b,2025-04-07,SEC_KLAC,semiconductor_equipment,0.5839387341737392,0.7772071263101614,243,2025-04-04,6,6,1.0,-0.027733711356766184,True,0.007638492497674284,0.021428224486058363,-0.013789731988384079
evt_d3173958c68f8470,2025-04-07,SEC_LRCX,semiconductor_equipment,0.5757367346940317,0.763116804157542,243,2025-04-04,6,6,1.0,-0.028385228262389484,True,0.0240907299775562,0.0237785441260415,0.00031218585151470205
evt_89c7fee99a6a6b28,2025-04-09,SEC_MCHP,analog_mixed_signal,0.6257442156015439,0.8146204782850294,243,2025-04-08,8,8,1.0,0.14146165559883145,True,0.11166351893164504,-0.006375856917585649,0.11803937584923069
evt_907c5f498199c166,2025-04-09,SEC_NXPI,analog_mixed_signal,0.655006237651407,0.8657429499153471,243,2025-04-08,8,8,1.0,0.14891612269654858,True,0.03619774898166825,-0.014760942467583072,0.05095869144925132
evt_9adbeb20a34f4ea7,2025-04-09,SEC_ON,analog_mixed_signal,0.6175034722453521,0.8060907448585217,243,2025-04-08,8,8,1.0,0.14691140828774796,True,0.07727552678734279,-0.010196744933619235,0.08747227172096202
evt_e82d3773f07eed8b,2025-04-09,SEC_STM,analog_mixed_signal,0.592845849583999,0.771812977819932,243,2025-04-08,8,8,1.0,0.14842003059687747,True,0.0009188947442463659,-0.018680815160629947,0.019599709904876313
evt_f49c0a1d6a23ba8a,2025-04-29,SEC_NXPI,analog_mixed_signal,0.7634467824758556,0.929932091382861,244,2025-04-28,7,7,1.0,-0.013189645649672763,True,,,
evt_f949a6f7e1ec2e79,2025-05-07,SEC_MRVL,fabless_compute,0.6286592370889763,0.7322074390528165,252,2025-05-06,3,3,1.0,0.021529560376993828,True,-0.015359984950766764,-0.049980012897836434,0.03462002794706967
evt_5315573671a0e606,2025-05-09,SEC_MCHP,analog_mixed_signal,0.6396248672947916,0.8505620118613731,242,2025-05-08,8,8,1.0,0.026788610659641443,True,-0.023980890940938818,-0.006159269712761064,-0.017821621228177754
evt_8d6d648b7b9d38e4,2025-06-03,SEC_CRDO,fabless_compute,0.5510140461808636,0.6324774736002137,252,2025-06-02,3,3,1.0,0.021936598170138412,True,0.10181098081585897,-0.01641673720788121,0.11822771802374019
evt_e90827069795a287,2025-06-03,SEC_ON,analog_mixed_signal,0.6453102016985273,0.851672194602579,242,2025-06-02,8,8,1.0,0.026975328906419432,True,-0.03765497381395631,0.019023665077857292,-0.056678638891813606
evt_85fcd55bbdb06e04,2025-07-08,SEC_GFS,foundry,0.47273638663524453,0.5880922556209414,252,2025-07-07,3,3,1.0,-0.002216780643876315,True,0.046645105091767,-0.0010296710790591683,0.047674776170826175
evt_d93816cc34de9f42,2025-07-16,SEC_ASML,semiconductor_equipment,0.5475655271098713,0.7415405768228622,242,2025-07-15,6,6,1.0,-0.011789046007065205,True,,,
evt_4c44f8b86572fcac,2025-07-23,SEC_TXN,analog_mixed_signal,0.6283697386263649,0.8323085119484981,242,2025-07-22,8,8,1.0,-0.0287449864766844,True,0.042722850089499914,0.03267005101811907,0.010052799071380847
evt_26f4aadf06eef280,2025-08-01,SEC_LRCX,semiconductor_equipment,0.519974462616223,0.7294773475103244,242,2025-07-31,6,6,1.0,-0.040118453470121364,True,-0.05752664719603109,-0.01017961074632053,-0.047347036449710556
evt_3185a8d3675a460d,2025-08-01,SEC_MPWR,analog_mixed_signal,0.5486957607349175,0.7239182734162648,242,2025-07-31,8,8,1.0,-0.011976692898452684,True,-0.05123407708747652,-0.033773138706076525,-0.017460938381399997
evt_de34f0762a029e61,2025-08-04,SEC_GFS,foundry,0.4846021236936142,0.6016679659060716,252,2025-08-01,3,3,1.0,0.052457147731311306,True,-0.09812486183493763,0.02754264132062196,-0.12566750315555958
evt_e1f9f912e6474dfa,2025-08-04,SEC_TSEM,foundry,0.4664794431521579,0.5860276027957824,252,2025-08-01,3,3,1.0,0.001726108202579531,True,0.05166284503184312,-0.03915814552139558,0.0908209905532387
evt_65c5507c324c7fcd,2025-08-06,SEC_AMD,fabless_compute,0.598639336452753,0.669788172272934,252,2025-08-05,3,3,1.0,0.01777823475669948,True,0.09294559139931996,0.02347859126798755,0.0694670001313324
evt_9ebc80885b9eaf44,2025-08-08,SEC_MCHP,analog_mixed_signal,0.62669078843163,0.8486267798298915,242,2025-08-07,8,8,1.0,0.009000462991731822,True,,,
evt_d8f0c7f1d7c80ce1,2025-08-15,SEC_AMAT,semiconductor_equipment,0.5166409464922678,0.7286243535597281,242,2025-08-14,6,6,1.0,-0.029094185604297624,True,0.03237252259101031,0.026421640350983107,0.005950882240027206
evt_9abd3da0cdb51c1d,2025-08-20,SEC_ADI,analog_mixed_signal,0.6439135020690483,0.8808580447220176,242,2025-08-19,8,8,1.0,-0.0016909363777217884,True,-0.018211116748580905,-0.010388646337237366,-0.007822470411343537
evt_232b0fb1ed7517f4,2025-08-29,SEC_MRVL,fabless_compute,0.6110711003441098,0.6995257500095846,252,2025-08-28,3,3,1.0,-0.04501115213401359,True,,,
evt_a420000a584639e0,2025-08-29,SEC_NVDA,fabless_compute,0.659835134088471,0.7762321553080711,252,2025-08-28,3,3,1.0,-0.09590835546931753,True,,,
evt_be71c1e67964a71e,2025-09-24,SEC_CRDO,fabless_compute,0.5679916050617329,0.6565672667204246,252,2025-09-23,3,3,1.0,0.021666018410415672,True,-0.07097364239808497,-0.02764000885958942,-0.04333363353849555
evt_e5b9cf82a7a08736,2025-09-24,SEC_MRVL,fabless_compute,0.5939927577207459,0.6854411104573888,252,2025-09-23,3,3,1.0,-0.02922848472425384,True,-0.03205486636849734,0.0018828816679438464,-0.03393774803644119
evt_5f363642deca1c10,2025-09-26,SEC_GFS,foundry,0.42406336489573687,0.5428480421282519,252,2025-09-25,3,3,1.0,0.0007823565973183273,True,0.021748093633644716,-0.011800423888303394,0.03354851752194811
evt_f22cc2882f25c4da,2025-10-06,SEC_AMD,fabless_compute,0.5619664884423549,0.6289884123694061,252,2025-10-03,3,3,1.0,0.014968058673314223,True,-0.0514780571251562,0.023788097416993628,-0.07526615454214983
evt_49b1efd90c3a546d,2025-10-06,SEC_NVDA,fabless_compute,0.6491177391991787,0.7756543103989233,252,2025-10-03,3,3,1.0,0.09769019645166084,True,-0.019967313493106154,-0.041649440071559206,0.021682126578453052
evt_45f3335ed798c354,2025-10-23,SEC_MPWR,analog_mixed_signal,0.5184117525077803,0.695414673139981,242,2025-10-22,8,8,1.0,-0.021003529393794004,True,-0.047588838114672995,-0.07494924395049815,0.027360405835825156
evt_d3530bfb93a6c04d,2025-10-23,SEC_STM,analog_mixed_signal,0.5913250662745031,0.8017317784089814,242,2025-10-22,8,8,1.0,0.004228737154061038,True,-0.006366221117390505,0.06895423736915778,-0.07532045848654828
evt_31b75b009c32bcec,2025-10-31,SEC_MPWR,analog_mixed_signal,0.5231732293966915,0.7001399332164968,242,2025-10-30,8,8,1.0,0.008283358462180049,True,,,
evt_a8878c5f2b3fa2df,2025-11-05,SEC_LRCX,semiconductor_equipment,0.5172349652383316,0.7212347518729947,242,2025-11-04,6,6,1.0,-0.008930123123427853,True,0.0029902737643925387,-0.004661468812056606,0.007651742576449145
evt_780952e183d5bf98,2025-11-10,SEC_TSEM,foundry,0.42481861767304246,0.5486665610743795,252,2025-11-07,3,3,1.0,0.01638492391017987,True,-0.027166501577765168,-0.00013678435688690895,-0.02702971722087826
evt_a939605a96fecafc,2025-11-10,SEC_UMC,foundry,0.38564776658215544,0.471284990925183,252,2025-11-07,3,3,1.0,0.0711134778134388,True,-0.0175830318374743,-0.011050598996922956,-0.006532432840551345
evt_caad9279f5a1b8d3,2025-12-02,SEC_NXPI,analog_mixed_signal,0.6406024369881493,0.8799476314049798,242,2025-12-01,8,8,1.0,0.02836092938986509,True,0.016182059320874936,0.029289717714503324,-0.013107658393628388
