horizon,return_specification,peer_definition,direction,outcome,sample_size,missing_outcome_count,mean,median,standard_deviation,trimmed_mean,standard_error,bootstrap_standard_error,ci_lower,ci_upper,confidence_level,interval_method,p_value,proportion_positive
1,semiconductor_adjusted_return,economic_subsector_peers,all,convergence,226,0,0.0053963111301805365,0.002442522587469475,0.03989200465266016,0.0028054561832164915,0.0033563704218071413,,-0.001604954885193471,0.012397577145554544,0.95,analytical,0.06177791896745771,0.5398230088495575
1,semiconductor_adjusted_return,economic_subsector_peers,all,peer_catchup,226,0,0.0026150612839820784,0.000272013731849055,0.01856735789016587,0.0015732985138802746,0.0013843216293158622,,-0.0002725830340303357,0.0055027056019944925,0.95,analytical,0.07347250598120467,0.5176991150442478
1,semiconductor_adjusted_return,economic_subsector_peers,all,initiator_reversal,226,0,0.0027812498461984568,0.0025580787799749246,0.03736226944632892,0.0006763322553331044,0.003058869626094905,,-0.0035994403837873172,0.009161940076184231,0.95,analytical,0.3740503269339941,0.5353982300884956
1,semiconductor_adjusted_return,economic_subsector_peers,negative,convergence,94,0,0.008059544112549851,0.0026091246006435575,0.0444038436909973,0.0037040318282053493,0.005944803558418379,,-0.004383072733951925,0.020502160959051628,0.95,analytical,0.09554099148372913,0.5531914893617021
1,semiconductor_adjusted_return,economic_subsector_peers,negative,peer_catchup,94,0,0.0018474534506845188,0.0007141218931567654,0.017556525842863272,0.0022777489585437106,0.0016021205637943591,,-0.0015058234273992762,0.0052007303287683136,0.95,analytical,0.263158078024417,0.5106382978723404
1,semiconductor_adjusted_return,economic_subsector_peers,negative,initiator_reversal,94,0,0.006212090661865333,0.005633519502658165,0.04603119398201812,0.0016661033957447505,0.006213215683146657,,-0.006792319218187572,0.019216500541918237,0.95,analytical,0.3299621793124974,0.574468085106383
1,semiconductor_adjusted_return,economic_subsector_peers,positive,convergence,132,0,0.0034997664306145085,0.0017129011394793059,0.03639782009247915,0.002166456348762478,0.0037349221610854595,,-0.004317515493880021,0.011317048355109039,0.95,analytical,0.18024886768595208,0.5303030303030303
1,semiconductor_adjusted_return,economic_subsector_peers,positive,peer_catchup,132,0,0.003161691104663674,0.0001834658010258381,0.01930226769759715,0.0010682208365744145,0.0019384214388427157,,-0.0008954715944148942,0.007218853803742242,0.95,analytical,0.11934168636714959,0.5227272727272727
1,semiconductor_adjusted_return,economic_subsector_peers,positive,initiator_reversal,132,0,0.00033807532595083345,0.0005173028940724175,0.0296463847155661,-2.3816797598908378e-05,0.0025548667697502868,,-0.0050093222789449705,0.005685472930846637,0.95,analytical,0.8961177426600644,0.5075757575757576
3,semiconductor_adjusted_return,economic_subsector_peers,all,convergence,196,0,0.0020598446295170703,0.001204447007449717,0.04514365151678351,0.0019694745645293175,0.0034822013842713616,,-0.0052284866300568,0.00934817588909094,0.95,analytical,0.2805673800520917,0.5153061224489796
3,semiconductor_adjusted_return,economic_subsector_peers,all,peer_catchup,196,0,0.001762908247353488,-0.0003172973315667257,0.023680744193841197,0.001424324621869656,0.0018639475971352212,,-0.0021383789096070973,0.005664195404314074,0.95,analytical,0.356128081825707,0.49489795918367346
3,semiconductor_adjusted_return,economic_subsector_peers,all,initiator_reversal,196,0,0.0002969363821635826,-0.0018573194700174274,0.042763110366322736,-0.000120477292682164,0.003034169783731672,,-0.006053653960345663,0.006647526724672828,0.95,analytical,0.9230652222257318,0.4846938775510204
3,semiconductor_adjusted_return,economic_subsector_peers,negative,convergence,78,0,-0.0022370128713603424,-0.003137863573253126,0.0499237604311874,-0.0035988649016098252,0.0054294902050650165,,-0.013643948510454269,0.009169922767733586,0.95,analytical,0.6574020092186101,0.46153846153846156
3,semiconductor_adjusted_return,economic_subsector_peers,negative,peer_catchup,78,0,-0.0005266952425047126,-3.876248409707614e-05,0.029753226631961654,-0.00016450173079482966,0.0027253872158181335,,-0.006252521312408188,0.005199130827398764,0.95,analytical,0.8489230438165326,0.5
3,semiconductor_adjusted_return,economic_subsector_peers,negative,initiator_reversal,78,0,-0.0017103176288556297,-0.005645272246025172,0.04570774597381641,-0.003131172986390462,0.005227219526413834,,-0.012692298341076777,0.009271663083365517,0.95,analytical,0.7472952126636493,0.4358974358974359
3,semiconductor_adjusted_return,economic_subsector_peers,positive,convergence,118,0,0.004900140265690274,0.0048315496652852905,0.04166355408605744,0.005325094694443933,0.004275220194694763,,-0.004047998439698037,0.013848278971078586,0.95,analytical,0.13297729860899063,0.5508474576271186
3,semiconductor_adjusted_return,economic_subsector_peers,positive,peer_catchup,118,0,0.0032763749609885694,-0.0003172973315667257,0.018607015034033482,0.0020503631199612145,0.0026276707332730364,,-0.002223403090816615,0.008776153012793754,0.95,analytical,0.22759626479566866,0.4915254237288136
3,semiconductor_adjusted_return,economic_subsector_peers,positive,initiator_reversal,118,0,0.0016237653047017052,0.0011149339963468846,0.04084607869746702,0.0019643303493868886,0.0038027050141421033,,-0.006335387761716805,0.009582918371120215,0.95,analytical,0.67417698303283,0.5169491525423728
5,semiconductor_adjusted_return,economic_subsector_peers,all,convergence,173,0,0.003760951149214081,0.0009755050179123606,0.05168500229348938,0.002211488940819373,0.0032882798412559922,,-0.0031214976561606453,0.010643399954588807,0.95,analytical,0.13346792288097767,0.5144508670520231
5,semiconductor_adjusted_return,economic_subsector_peers,all,peer_catchup,173,0,0.0021766361934518535,-0.0009148276990219072,0.027798962206479916,0.0022305060807675677,0.0019585672643926797,,-0.001922692203098703,0.00627596459000241,0.95,analytical,0.28028740777549066,0.4797687861271676
5,semiconductor_adjusted_return,economic_subsector_peers,all,initiator_reversal,173,0,0.0015843149557622281,-0.0008878947378266047,0.04578032559586679,-3.828021002504736e-05,0.003738807977060577,,-0.006241100075039228,0.009409729986563684,0.95,analytical,0.6765076701025171,0.49710982658959535
5,semiconductor_adjusted_return,economic_subsector_peers,negative,convergence,68,0,-0.00010332480448498972,-0.002422740353482848,0.0562936763959141,-0.003076099216958336,0.005769184352132748,,-0.012223931364094396,0.012017281755124417,0.95,analytical,0.507046070076815,0.4852941176470588
5,semiconductor_adjusted_return,economic_subsector_peers,negative,peer_catchup,68,0,0.0018366592385813429,-0.0004992411885393231,0.03133323467942135,0.0027415072132855145,0.0037304264936480497,,-0.00600067600142294,0.009673994478585626,0.95,analytical,0.6284263194130203,0.5
5,semiconductor_adjusted_return,economic_subsector_peers,negative,initiator_reversal,68,0,-0.0019399840430663323,-0.006168295441305394,0.047145183363583816,-0.004353883914173214,0.005966520115268914,,-0.014475177656776294,0.010595209570643629,0.95,analytical,0.7488201673639836,0.4411764705882353
5,semiconductor_adjusted_return,economic_subsector_peers,positive,convergence,105,0,0.00626352986208586,0.004466354018327443,0.048583377782400454,0.005641925462134078,0.004682970896381116,,-0.003538040870133855,0.016065100594305576,0.95,analytical,0.09842365856321583,0.5333333333333333
5,semiconductor_adjusted_return,economic_subsector_peers,positive,peer_catchup,105,0,0.002396811745177517,-0.0009148276990219072,0.025405728611497216,0.0017682679457082884,0.003245452289511582,,-0.0043959979642047425,0.009189621454559777,0.95,analytical,0.4692272525382683,0.4666666666666667
5,semiconductor_adjusted_return,economic_subsector_peers,positive,initiator_reversal,105,0,0.003866718116908344,0.001431775149257828,0.044954443353251466,0.0029201409819076753,0.004071052410183391,,-0.004654092504362415,0.012387528738179103,0.95,analytical,0.35413601653599897,0.5333333333333333
10,semiconductor_adjusted_return,economic_subsector_peers,all,convergence,114,0,-0.0014756532783217814,-0.004646014321721376,0.07680470918944077,-0.0030826469160769006,0.00655267933505744,,-0.015242321715975947,0.012291015159332385,0.95,analytical,0.5878190998836078,0.4824561403508772
10,semiconductor_adjusted_return,economic_subsector_peers,all,peer_catchup,114,0,0.002647004570049579,0.002729799632783358,0.04047668508776768,0.002540285819497162,0.0041625986985523115,,-0.006098290780417634,0.011392299920516791,0.95,analytical,0.5328430130745386,0.5789473684210527
10,semiconductor_adjusted_return,economic_subsector_peers,all,initiator_reversal,114,0,-0.004122657848371359,-0.0057500675736210025,0.06193841202786869,-0.006190336511894737,0.004400516821582468,,-0.013367800627285407,0.005122484930542688,0.95,analytical,0.3612326425043529,0.47368421052631576
10,semiconductor_adjusted_return,economic_subsector_peers,negative,convergence,52,0,-0.013990636052233133,-0.011940751838425077,0.08814555482261341,-0.01786600870596882,0.011072459940621452,,-0.03746320255577161,0.009481930451305342,0.95,analytical,0.8877540719764416,0.40384615384615385
10,semiconductor_adjusted_return,economic_subsector_peers,negative,peer_catchup,52,0,-0.0036258725230430113,0.0034716784310992468,0.04372682174551799,-0.0008303055997419748,0.00640982107120614,,-0.017214086178952967,0.009962341132866943,0.95,analytical,0.5794623488867185,0.5961538461538461
10,semiconductor_adjusted_return,economic_subsector_peers,negative,initiator_reversal,52,0,-0.01036476352919012,-0.021122497696247605,0.06809058922567877,-0.015853671085047746,0.008053839890940311,,-0.027438141393074017,0.006708614334693776,0.95,analytical,0.21642500533267237,0.38461538461538464
10,semiconductor_adjusted_return,economic_subsector_peers,positive,convergence,62,0,0.009020783886894193,0.002847287887599189,0.06470056212865093,0.008076965588504618,0.007527896765534216,,-0.006794740344475863,0.024836308118264247,0.95,analytical,0.12316752906215554,0.5483870967741935
10,semiconductor_adjusted_return,economic_subsector_peers,positive,peer_catchup,62,0,0.007908127293288528,0.002205578898803127,0.037077423913295396,0.004516871853784595,0.005190593907458339,,-0.002996905848831548,0.018813160435408604,0.95,analytical,0.14499739929912123,0.5645161290322581
10,semiconductor_adjusted_return,economic_subsector_peers,positive,initiator_reversal,62,0,0.0011126565936056653,0.010969784448461703,0.05629711324603602,0.002242557711546494,0.006188626164455792,,-0.011889164514111868,0.014114477701323198,0.95,analytical,0.8593254958106779,0.5483870967741935
