variation_type,specification,horizon,outcome,event_count,sample_size,mean,median,ci_lower,ci_upper,sample_label,status,notes
event_threshold,2_sigma,1,convergence,319,319,0.0053041145891237155,0.002901446144677168,0.0009962006895580565,0.009612028488689375,adequate_descriptive_sample,estimated_exploratory,minimum absolute move remains 5%; all other rules frozen
event_threshold,2_sigma,1,peer_catchup,319,319,0.001255684885343671,-0.0004224951687627188,-0.0007685197009077223,0.0032798894715950645,adequate_descriptive_sample,estimated_exploratory,minimum absolute move remains 5%; all other rules frozen
event_threshold,2_sigma,1,initiator_reversal,319,319,0.004048429703780044,0.0037291241689515753,0.00011565541036627231,0.007981203997193816,adequate_descriptive_sample,estimated_exploratory,minimum absolute move remains 5%; all other rules frozen
event_threshold,2_sigma,3,convergence,274,274,0.007305008972209794,0.005124629288090179,0.0015976553211033825,0.013012362623316207,adequate_descriptive_sample,estimated_exploratory,minimum absolute move remains 5%; all other rules frozen
event_threshold,2_sigma,3,peer_catchup,274,274,0.002566393995663501,5.604720778089583e-05,-0.0003179016226629327,0.005450689613989935,adequate_descriptive_sample,estimated_exploratory,minimum absolute move remains 5%; all other rules frozen
event_threshold,2_sigma,3,initiator_reversal,274,274,0.004738614976546292,0.0018117510069299448,-0.0006094330758248511,0.010086663028917435,adequate_descriptive_sample,estimated_exploratory,minimum absolute move remains 5%; all other rules frozen
event_threshold,2_sigma,5,convergence,243,243,0.00880281441112493,0.006929012452211635,0.0017415846903001434,0.015864044131949716,adequate_descriptive_sample,estimated_exploratory,minimum absolute move remains 5%; all other rules frozen
event_threshold,2_sigma,5,peer_catchup,243,243,0.0028992064489864197,-0.0010076438201344993,-0.0007540823341490714,0.00655249523212191,adequate_descriptive_sample,estimated_exploratory,minimum absolute move remains 5%; all other rules frozen
event_threshold,2_sigma,5,initiator_reversal,243,243,0.005903607962138509,0.0032078923252437004,-0.0007097196296700367,0.012516935553947055,adequate_descriptive_sample,estimated_exploratory,minimum absolute move remains 5%; all other rules frozen
event_threshold,2_sigma,10,convergence,161,161,0.007004750300343994,0.001638879737962156,-0.00618391088104056,0.020193411481728547,adequate_descriptive_sample,estimated_exploratory,minimum absolute move remains 5%; all other rules frozen
event_threshold,2_sigma,10,peer_catchup,161,161,0.0020325503948493335,0.0030983643452106926,-0.004229413550920481,0.008294514340619149,adequate_descriptive_sample,estimated_exploratory,minimum absolute move remains 5%; all other rules frozen
event_threshold,2_sigma,10,initiator_reversal,161,161,0.004972199905494661,3.636055764375326e-06,-0.007310343372717133,0.017254743183706456,adequate_descriptive_sample,estimated_exploratory,minimum absolute move remains 5%; all other rules frozen
event_threshold,2_sigma,20,convergence,47,47,0.012395221229449454,0.040664460551904806,-0.02481578628679546,0.04960622874569437,adequate_descriptive_sample,estimated_exploratory,minimum absolute move remains 5%; all other rules frozen
event_threshold,2_sigma,20,peer_catchup,47,47,-0.0015333984036120492,0.0011174048294891725,-0.020792974016167007,0.01772617720894291,adequate_descriptive_sample,estimated_exploratory,minimum absolute move remains 5%; all other rules frozen
event_threshold,2_sigma,20,initiator_reversal,47,47,0.013928619633061506,0.033539360838869554,-0.017706945709644147,0.045564184975767155,adequate_descriptive_sample,estimated_exploratory,minimum absolute move remains 5%; all other rules frozen
event_threshold,2.5_sigma,1,convergence,282,282,0.005755717397724138,0.002442522587469475,0.0010885966109366353,0.01042283818451164,adequate_descriptive_sample,estimated_exploratory,minimum absolute move remains 5%; all other rules frozen
event_threshold,2.5_sigma,1,peer_catchup,282,282,0.002031989585957855,1.0938782784622545e-05,-0.0001175237163834708,0.004181502888299181,adequate_descriptive_sample,estimated_exploratory,minimum absolute move remains 5%; all other rules frozen
event_threshold,2.5_sigma,1,initiator_reversal,282,282,0.0037237278117662827,0.002964702593180121,-0.000551173592315496,0.007998629215848062,adequate_descriptive_sample,estimated_exploratory,minimum absolute move remains 5%; all other rules frozen
event_threshold,2.5_sigma,3,convergence,240,240,0.004696125808036477,0.0014256691412773415,-0.0013620339508078044,0.010754285566880758,adequate_descriptive_sample,estimated_exploratory,minimum absolute move remains 5%; all other rules frozen
event_threshold,2.5_sigma,3,peer_catchup,240,240,0.002211865993968437,-0.00046068902258519697,-0.000929328978926074,0.005353060966862948,adequate_descriptive_sample,estimated_exploratory,minimum absolute move remains 5%; all other rules frozen
event_threshold,2.5_sigma,3,initiator_reversal,240,240,0.002484259814068041,0.0004927770588939832,-0.003234048484159278,0.00820256811229536,adequate_descriptive_sample,estimated_exploratory,minimum absolute move remains 5%; all other rules frozen
event_threshold,2.5_sigma,5,convergence,214,214,0.006871854236521759,0.004698721358707435,-0.00031064207644558844,0.014054350549489107,adequate_descriptive_sample,estimated_exploratory,minimum absolute move remains 5%; all other rules frozen
event_threshold,2.5_sigma,5,peer_catchup,214,214,0.0020195511861282565,-0.0009612357595782032,-0.0018338706185369504,0.0058729729907934635,adequate_descriptive_sample,estimated_exploratory,minimum absolute move remains 5%; all other rules frozen
event_threshold,2.5_sigma,5,initiator_reversal,214,214,0.004852303050393502,0.0036258816225806624,-0.0016368353228464715,0.011341441423633476,adequate_descriptive_sample,estimated_exploratory,minimum absolute move remains 5%; all other rules frozen
event_threshold,2.5_sigma,10,convergence,141,141,0.0017152587697316897,-0.004406542127536606,-0.011226697361994442,0.014657214901457823,adequate_descriptive_sample,estimated_exploratory,minimum absolute move remains 5%; all other rules frozen
event_threshold,2.5_sigma,10,peer_catchup,141,141,-0.0001522091537816319,0.0018910239622698041,-0.0068343754695045,0.006529957161941236,adequate_descriptive_sample,estimated_exploratory,minimum absolute move remains 5%; all other rules frozen
event_threshold,2.5_sigma,10,initiator_reversal,141,141,0.0018674679235133188,-0.00020465866220032922,-0.009526233299911101,0.01326116914693774,adequate_descriptive_sample,estimated_exploratory,minimum absolute move remains 5%; all other rules frozen
event_threshold,2.5_sigma,20,convergence,37,37,0.0035356124579876465,0.040664460551904806,-0.03516601138297831,0.04223723629895361,adequate_descriptive_sample,estimated_exploratory,minimum absolute move remains 5%; all other rules frozen
event_threshold,2.5_sigma,20,peer_catchup,37,37,-0.017709574305066075,-0.010518889674788173,-0.037116513299907644,0.001697364689775497,adequate_descriptive_sample,estimated_exploratory,minimum absolute move remains 5%; all other rules frozen
event_threshold,2.5_sigma,20,initiator_reversal,37,37,0.02124518676305372,0.033539360838869554,-0.007545917993458492,0.05003629151956593,adequate_descriptive_sample,estimated_exploratory,minimum absolute move remains 5%; all other rules frozen
event_threshold,3_sigma,1,convergence,226,226,0.0053963111301805365,0.002442522587469475,0.0001672700765492762,0.010625352183811797,adequate_descriptive_sample,estimated_exploratory,minimum absolute move remains 5%; all other rules frozen
event_threshold,3_sigma,1,peer_catchup,226,226,0.0026150612839820784,0.000272013731849055,0.0001812533690753169,0.00504886919888884,adequate_descriptive_sample,estimated_exploratory,minimum absolute move remains 5%; all other rules frozen
event_threshold,3_sigma,1,initiator_reversal,226,226,0.0027812498461984568,0.0025580787799749246,-0.00211619370151904,0.007678693393915954,adequate_descriptive_sample,estimated_exploratory,minimum absolute move remains 5%; all other rules frozen
event_threshold,3_sigma,3,convergence,196,196,0.0020598446295170703,0.001204447007449717,-0.00429961911408659,0.00841930837312073,adequate_descriptive_sample,estimated_exploratory,minimum absolute move remains 5%; all other rules frozen
event_threshold,3_sigma,3,peer_catchup,196,196,0.001762908247353488,-0.0003172973315667257,-0.0015730388695140312,0.005098855364221007,adequate_descriptive_sample,estimated_exploratory,minimum absolute move remains 5%; all other rules frozen
event_threshold,3_sigma,3,initiator_reversal,196,196,0.0002969363821635826,-0.0018573194700174274,-0.005727176439929365,0.00632104920425653,adequate_descriptive_sample,estimated_exploratory,minimum absolute move remains 5%; all other rules frozen
event_threshold,3_sigma,5,convergence,173,173,0.003760951149214081,0.0009755050179123606,-0.003995375875189864,0.011517278173618027,adequate_descriptive_sample,estimated_exploratory,minimum absolute move remains 5%; all other rules frozen
event_threshold,3_sigma,5,peer_catchup,173,173,0.0021766361934518535,-0.0009148276990219072,-0.0019951318677767114,0.0063484042546804184,adequate_descriptive_sample,estimated_exploratory,minimum absolute move remains 5%; all other rules frozen
event_threshold,3_sigma,5,initiator_reversal,173,173,0.0015843149557622281,-0.0008878947378266047,-0.005285901951434516,0.008454531862958973,adequate_descriptive_sample,estimated_exploratory,minimum absolute move remains 5%; all other rules frozen
event_threshold,3_sigma,10,convergence,114,114,-0.0014756532783217814,-0.004646014321721376,-0.01572711587556608,0.01277580931892252,adequate_descriptive_sample,estimated_exploratory,minimum absolute move remains 5%; all other rules frozen
event_threshold,3_sigma,10,peer_catchup,114,114,0.002647004570049579,0.002729799632783358,-0.004863628172090453,0.01015763731218961,adequate_descriptive_sample,estimated_exploratory,minimum absolute move remains 5%; all other rules frozen
event_threshold,3_sigma,10,initiator_reversal,114,114,-0.004122657848371359,-0.0057500675736210025,-0.01561561149227675,0.007370295795534032,adequate_descriptive_sample,estimated_exploratory,minimum absolute move remains 5%; all other rules frozen
event_threshold,3_sigma,20,convergence,30,30,0.005218087314219023,0.02500310095583569,-0.04277756447585767,0.053213739104295714,adequate_descriptive_sample,estimated_exploratory,minimum absolute move remains 5%; all other rules frozen
event_threshold,3_sigma,20,peer_catchup,30,30,-0.013312708568917725,-0.010084088712109774,-0.03701126052197665,0.010385843384141197,adequate_descriptive_sample,estimated_exploratory,minimum absolute move remains 5%; all other rules frozen
event_threshold,3_sigma,20,initiator_reversal,30,30,0.018530795883136744,0.034352426177868545,-0.016182001460500136,0.05324359322677362,adequate_descriptive_sample,estimated_exploratory,minimum absolute move remains 5%; all other rules frozen
event_threshold,4_sigma,1,convergence,157,157,0.006398506227517043,0.003449069229798845,-0.00019809941096637224,0.012995111866000459,adequate_descriptive_sample,estimated_exploratory,minimum absolute move remains 5%; all other rules frozen
event_threshold,4_sigma,1,peer_catchup,157,157,0.0025296409759762027,0.0008871838869458915,-0.00064570665226261,0.005704988604215016,adequate_descriptive_sample,estimated_exploratory,minimum absolute move remains 5%; all other rules frozen
event_threshold,4_sigma,1,initiator_reversal,157,157,0.0038688652515408385,0.0021967548806017412,-0.002127196128843824,0.009864926631925501,adequate_descriptive_sample,estimated_exploratory,minimum absolute move remains 5%; all other rules frozen
event_threshold,4_sigma,3,convergence,133,133,-0.0011183473086471738,0.0010220149157881258,-0.00851652283903227,0.006279828221737923,adequate_descriptive_sample,estimated_exploratory,minimum absolute move remains 5%; all other rules frozen
event_threshold,4_sigma,3,peer_catchup,133,133,0.0002928793797459873,-0.0009387113256019829,-0.0037784811254965023,0.004364239884988477,adequate_descriptive_sample,estimated_exploratory,minimum absolute move remains 5%; all other rules frozen
event_threshold,4_sigma,3,initiator_reversal,133,133,-0.0014112266883931598,-0.0025741266853513134,-0.00824978577314688,0.0054273323963605615,adequate_descriptive_sample,estimated_exploratory,minimum absolute move remains 5%; all other rules frozen
event_threshold,4_sigma,5,convergence,117,117,0.0003984122544321334,-0.004408401013083817,-0.0084585224626912,0.009255346971555467,adequate_descriptive_sample,estimated_exploratory,minimum absolute move remains 5%; all other rules frozen
event_threshold,4_sigma,5,peer_catchup,117,117,0.0014977343765547383,-0.0016539303094948313,-0.0034944687406041706,0.0064899374937136475,adequate_descriptive_sample,estimated_exploratory,minimum absolute move remains 5%; all other rules frozen
event_threshold,4_sigma,5,initiator_reversal,117,117,-0.0010993221221226057,-0.002430861021600457,-0.008715097333876445,0.006516453089631233,adequate_descriptive_sample,estimated_exploratory,minimum absolute move remains 5%; all other rules frozen
event_threshold,4_sigma,10,convergence,74,74,-0.004069399451437838,-0.004965174839147574,-0.021895823324205102,0.013757024421329428,adequate_descriptive_sample,estimated_exploratory,minimum absolute move remains 5%; all other rules frozen
event_threshold,4_sigma,10,peer_catchup,74,74,0.003871715709889678,0.003278203144269279,-0.005419587685535254,0.01316301910531461,adequate_descriptive_sample,estimated_exploratory,minimum absolute move remains 5%; all other rules frozen
event_threshold,4_sigma,10,initiator_reversal,74,74,-0.007941115161327518,-0.007104536149476857,-0.021448802714061063,0.005566572391406028,adequate_descriptive_sample,estimated_exploratory,minimum absolute move remains 5%; all other rules frozen
event_threshold,4_sigma,20,convergence,16,16,-0.006162348012449331,0.0020805157803592267,-0.07867613248418416,0.0663514364592855,small_sample_descriptive_only,estimated_exploratory,minimum absolute move remains 5%; all other rules frozen
event_threshold,4_sigma,20,peer_catchup,16,16,-0.022628418588721146,-0.03984868719775804,-0.057394491611294875,0.012137654433852584,small_sample_descriptive_only,estimated_exploratory,minimum absolute move remains 5%; all other rules frozen
event_threshold,4_sigma,20,initiator_reversal,16,16,0.016466070576271825,0.034352426177868545,-0.03850241777037687,0.07143455892292053,small_sample_descriptive_only,estimated_exploratory,minimum absolute move remains 5%; all other rules frozen
return_definition,raw_returns,1,convergence,226,226,0.005396311130180536,0.002442522587469474,0.00016727007654927534,0.010625352183811797,adequate_descriptive_sample,estimated_exploratory,common frozen baseline event sample
return_definition,raw_returns,1,peer_catchup,226,226,0.0027822586438379375,0.002258155387528049,-0.0016829804334256887,0.007247497721101564,adequate_descriptive_sample,estimated_exploratory,common frozen baseline event sample
return_definition,raw_returns,1,initiator_reversal,226,226,0.0026140524863425985,0.00010561686685156557,-0.004250770960657798,0.009478875933342994,adequate_descriptive_sample,estimated_exploratory,common frozen baseline event sample
return_definition,raw_returns,3,convergence,196,196,0.0020598446295170695,0.0012044470074497222,-0.004299619114086591,0.008419308373120729,adequate_descriptive_sample,estimated_exploratory,common frozen baseline event sample
return_definition,raw_returns,3,peer_catchup,196,196,0.004132108131535899,0.005747242911526231,-0.003062728316569358,0.011326944579641157,adequate_descriptive_sample,estimated_exploratory,common frozen baseline event sample
return_definition,raw_returns,3,initiator_reversal,196,196,-0.00207226350201883,-0.00649633755207113,-0.010550519253903696,0.006405992249866035,adequate_descriptive_sample,estimated_exploratory,common frozen baseline event sample
return_definition,raw_returns,5,convergence,173,173,0.003760951149214081,0.0009755050179123675,-0.003995375875189864,0.011517278173618027,adequate_descriptive_sample,estimated_exploratory,common frozen baseline event sample
return_definition,raw_returns,5,peer_catchup,173,173,0.005569437556695679,0.005861815561001349,-0.0031188266719591965,0.014257701785350555,adequate_descriptive_sample,estimated_exploratory,common frozen baseline event sample
return_definition,raw_returns,5,initiator_reversal,173,173,-0.001808486407481598,-0.007974238375718867,-0.011275618775069185,0.007658645960105989,adequate_descriptive_sample,estimated_exploratory,common frozen baseline event sample
return_definition,raw_returns,10,convergence,114,114,-0.0014756532783217818,-0.004646014321721379,-0.01572711587556608,0.01277580931892252,adequate_descriptive_sample,estimated_exploratory,common frozen baseline event sample
return_definition,raw_returns,10,peer_catchup,114,114,0.0034877097594594444,0.0046142649087955,-0.009479353872824718,0.01645477339174361,adequate_descriptive_sample,estimated_exploratory,common frozen baseline event sample
return_definition,raw_returns,10,initiator_reversal,114,114,-0.004963363037781226,-0.012431506736361897,-0.020299352212403494,0.010372626136841041,adequate_descriptive_sample,estimated_exploratory,common frozen baseline event sample
return_definition,raw_returns,20,convergence,30,30,0.005218087314219032,0.025003100955835703,-0.04277756447585766,0.05321373910429572,adequate_descriptive_sample,estimated_exploratory,common frozen baseline event sample
return_definition,raw_returns,20,peer_catchup,30,30,-0.002080056934488561,0.015208729138878775,-0.035729093268174035,0.031568979399196916,adequate_descriptive_sample,estimated_exploratory,common frozen baseline event sample
return_definition,raw_returns,20,initiator_reversal,30,30,0.007298144248707594,-0.002200878090715841,-0.03751106719371421,0.052107355691129405,adequate_descriptive_sample,estimated_exploratory,common frozen baseline event sample
return_definition,semiconductor_factor_adjusted,1,convergence,226,226,0.0053963111301805365,0.002442522587469475,0.0001672700765492762,0.010625352183811797,adequate_descriptive_sample,estimated_exploratory,common frozen baseline event sample
return_definition,semiconductor_factor_adjusted,1,peer_catchup,226,226,0.0026150612839820784,0.000272013731849055,0.0001812533690753169,0.00504886919888884,adequate_descriptive_sample,estimated_exploratory,common frozen baseline event sample
return_definition,semiconductor_factor_adjusted,1,initiator_reversal,226,226,0.0027812498461984568,0.0025580787799749246,-0.00211619370151904,0.007678693393915954,adequate_descriptive_sample,estimated_exploratory,common frozen baseline event sample
return_definition,semiconductor_factor_adjusted,3,convergence,196,196,0.0020598446295170703,0.001204447007449717,-0.00429961911408659,0.00841930837312073,adequate_descriptive_sample,estimated_exploratory,common frozen baseline event sample
return_definition,semiconductor_factor_adjusted,3,peer_catchup,196,196,0.001762908247353488,-0.0003172973315667257,-0.0015730388695140312,0.005098855364221007,adequate_descriptive_sample,estimated_exploratory,common frozen baseline event sample
return_definition,semiconductor_factor_adjusted,3,initiator_reversal,196,196,0.0002969363821635826,-0.0018573194700174274,-0.005727176439929365,0.00632104920425653,adequate_descriptive_sample,estimated_exploratory,common frozen baseline event sample
return_definition,semiconductor_factor_adjusted,5,convergence,173,173,0.003760951149214081,0.0009755050179123606,-0.003995375875189864,0.011517278173618027,adequate_descriptive_sample,estimated_exploratory,common frozen baseline event sample
return_definition,semiconductor_factor_adjusted,5,peer_catchup,173,173,0.0021766361934518535,-0.0009148276990219072,-0.0019951318677767114,0.0063484042546804184,adequate_descriptive_sample,estimated_exploratory,common frozen baseline event sample
return_definition,semiconductor_factor_adjusted,5,initiator_reversal,173,173,0.0015843149557622281,-0.0008878947378266047,-0.005285901951434516,0.008454531862958973,adequate_descriptive_sample,estimated_exploratory,common frozen baseline event sample
return_definition,semiconductor_factor_adjusted,10,convergence,114,114,-0.0014756532783217814,-0.004646014321721376,-0.01572711587556608,0.01277580931892252,adequate_descriptive_sample,estimated_exploratory,common frozen baseline event sample
return_definition,semiconductor_factor_adjusted,10,peer_catchup,114,114,0.002647004570049579,0.002729799632783358,-0.004863628172090453,0.01015763731218961,adequate_descriptive_sample,estimated_exploratory,common frozen baseline event sample
return_definition,semiconductor_factor_adjusted,10,initiator_reversal,114,114,-0.004122657848371359,-0.0057500675736210025,-0.01561561149227675,0.007370295795534032,adequate_descriptive_sample,estimated_exploratory,common frozen baseline event sample
return_definition,semiconductor_factor_adjusted,20,convergence,30,30,0.005218087314219023,0.02500310095583569,-0.04277756447585767,0.053213739104295714,adequate_descriptive_sample,estimated_exploratory,common frozen baseline event sample
return_definition,semiconductor_factor_adjusted,20,peer_catchup,30,30,-0.013312708568917725,-0.010084088712109774,-0.03701126052197665,0.010385843384141197,adequate_descriptive_sample,estimated_exploratory,common frozen baseline event sample
return_definition,semiconductor_factor_adjusted,20,initiator_reversal,30,30,0.018530795883136744,0.034352426177868545,-0.016182001460500136,0.05324359322677362,adequate_descriptive_sample,estimated_exploratory,common frozen baseline event sample
return_definition,market_adjusted,1,convergence,0,0,,,,,small_sample_descriptive_only,unavailable,no broad-market benchmark exists in the frozen Stage 11D dataset
return_definition,market_adjusted,1,peer_catchup,0,0,,,,,small_sample_descriptive_only,unavailable,no broad-market benchmark exists in the frozen Stage 11D dataset
return_definition,market_adjusted,1,initiator_reversal,0,0,,,,,small_sample_descriptive_only,unavailable,no broad-market benchmark exists in the frozen Stage 11D dataset
return_definition,market_adjusted,3,convergence,0,0,,,,,small_sample_descriptive_only,unavailable,no broad-market benchmark exists in the frozen Stage 11D dataset
return_definition,market_adjusted,3,peer_catchup,0,0,,,,,small_sample_descriptive_only,unavailable,no broad-market benchmark exists in the frozen Stage 11D dataset
return_definition,market_adjusted,3,initiator_reversal,0,0,,,,,small_sample_descriptive_only,unavailable,no broad-market benchmark exists in the frozen Stage 11D dataset
return_definition,market_adjusted,5,convergence,0,0,,,,,small_sample_descriptive_only,unavailable,no broad-market benchmark exists in the frozen Stage 11D dataset
return_definition,market_adjusted,5,peer_catchup,0,0,,,,,small_sample_descriptive_only,unavailable,no broad-market benchmark exists in the frozen Stage 11D dataset
return_definition,market_adjusted,5,initiator_reversal,0,0,,,,,small_sample_descriptive_only,unavailable,no broad-market benchmark exists in the frozen Stage 11D dataset
return_definition,market_adjusted,10,convergence,0,0,,,,,small_sample_descriptive_only,unavailable,no broad-market benchmark exists in the frozen Stage 11D dataset
return_definition,market_adjusted,10,peer_catchup,0,0,,,,,small_sample_descriptive_only,unavailable,no broad-market benchmark exists in the frozen Stage 11D dataset
return_definition,market_adjusted,10,initiator_reversal,0,0,,,,,small_sample_descriptive_only,unavailable,no broad-market benchmark exists in the frozen Stage 11D dataset
return_definition,market_adjusted,20,convergence,0,0,,,,,small_sample_descriptive_only,unavailable,no broad-market benchmark exists in the frozen Stage 11D dataset
return_definition,market_adjusted,20,peer_catchup,0,0,,,,,small_sample_descriptive_only,unavailable,no broad-market benchmark exists in the frozen Stage 11D dataset
return_definition,market_adjusted,20,initiator_reversal,0,0,,,,,small_sample_descriptive_only,unavailable,no broad-market benchmark exists in the frozen Stage 11D dataset
universe,core,1,convergence,226,226,0.0053963111301805365,0.002442522587469475,0.0001672700765492762,0.010625352183811797,adequate_descriptive_sample,estimated_exploratory,uses point-in-time Stage 11D eligibility flags
universe,core,1,peer_catchup,226,226,0.0026150612839820784,0.000272013731849055,0.0001812533690753169,0.00504886919888884,adequate_descriptive_sample,estimated_exploratory,uses point-in-time Stage 11D eligibility flags
universe,core,1,initiator_reversal,226,226,0.0027812498461984568,0.0025580787799749246,-0.00211619370151904,0.007678693393915954,adequate_descriptive_sample,estimated_exploratory,uses point-in-time Stage 11D eligibility flags
universe,core,3,convergence,196,196,0.0020598446295170703,0.001204447007449717,-0.00429961911408659,0.00841930837312073,adequate_descriptive_sample,estimated_exploratory,uses point-in-time Stage 11D eligibility flags
universe,core,3,peer_catchup,196,196,0.001762908247353488,-0.0003172973315667257,-0.0015730388695140312,0.005098855364221007,adequate_descriptive_sample,estimated_exploratory,uses point-in-time Stage 11D eligibility flags
universe,core,3,initiator_reversal,196,196,0.0002969363821635826,-0.0018573194700174274,-0.005727176439929365,0.00632104920425653,adequate_descriptive_sample,estimated_exploratory,uses point-in-time Stage 11D eligibility flags
universe,core,5,convergence,173,173,0.003760951149214081,0.0009755050179123606,-0.003995375875189864,0.011517278173618027,adequate_descriptive_sample,estimated_exploratory,uses point-in-time Stage 11D eligibility flags
universe,core,5,peer_catchup,173,173,0.0021766361934518535,-0.0009148276990219072,-0.0019951318677767114,0.0063484042546804184,adequate_descriptive_sample,estimated_exploratory,uses point-in-time Stage 11D eligibility flags
universe,core,5,initiator_reversal,173,173,0.0015843149557622281,-0.0008878947378266047,-0.005285901951434516,0.008454531862958973,adequate_descriptive_sample,estimated_exploratory,uses point-in-time Stage 11D eligibility flags
universe,core,10,convergence,114,114,-0.0014756532783217814,-0.004646014321721376,-0.01572711587556608,0.01277580931892252,adequate_descriptive_sample,estimated_exploratory,uses point-in-time Stage 11D eligibility flags
universe,core,10,peer_catchup,114,114,0.002647004570049579,0.002729799632783358,-0.004863628172090453,0.01015763731218961,adequate_descriptive_sample,estimated_exploratory,uses point-in-time Stage 11D eligibility flags
universe,core,10,initiator_reversal,114,114,-0.004122657848371359,-0.0057500675736210025,-0.01561561149227675,0.007370295795534032,adequate_descriptive_sample,estimated_exploratory,uses point-in-time Stage 11D eligibility flags
universe,core,20,convergence,30,30,0.005218087314219023,0.02500310095583569,-0.04277756447585767,0.053213739104295714,adequate_descriptive_sample,estimated_exploratory,uses point-in-time Stage 11D eligibility flags
universe,core,20,peer_catchup,30,30,-0.013312708568917725,-0.010084088712109774,-0.03701126052197665,0.010385843384141197,adequate_descriptive_sample,estimated_exploratory,uses point-in-time Stage 11D eligibility flags
universe,core,20,initiator_reversal,30,30,0.018530795883136744,0.034352426177868545,-0.016182001460500136,0.05324359322677362,adequate_descriptive_sample,estimated_exploratory,uses point-in-time Stage 11D eligibility flags
universe,core_plus_extension,1,convergence,416,416,0.005826384437432038,0.005073306355974015,0.0020976041350873886,0.009555164739776687,adequate_descriptive_sample,estimated_exploratory,uses point-in-time Stage 11D eligibility flags
universe,core_plus_extension,1,peer_catchup,416,416,0.0005681921364517761,0.0010588766072748448,-0.0009543570650481554,0.0020907413379517075,adequate_descriptive_sample,estimated_exploratory,uses point-in-time Stage 11D eligibility flags
universe,core_plus_extension,1,initiator_reversal,416,416,0.005258192300980262,0.004493574076710638,0.0018430719867551949,0.008673312615205328,adequate_descriptive_sample,estimated_exploratory,uses point-in-time Stage 11D eligibility flags
universe,core_plus_extension,3,convergence,353,353,0.009129089747302588,0.008958409291884146,0.004007118583900996,0.01425106091070418,adequate_descriptive_sample,estimated_exploratory,uses point-in-time Stage 11D eligibility flags
universe,core_plus_extension,3,peer_catchup,353,353,0.001611220874849117,0.001741882256438355,-0.00041995374033937144,0.0036423954900376056,adequate_descriptive_sample,estimated_exploratory,uses point-in-time Stage 11D eligibility flags
universe,core_plus_extension,3,initiator_reversal,353,353,0.00751786887245347,0.006743474148105479,0.00264644189776609,0.01238929584714085,adequate_descriptive_sample,estimated_exploratory,uses point-in-time Stage 11D eligibility flags
universe,core_plus_extension,5,convergence,309,309,0.01208733760369575,0.01123554840208272,0.005651050116362442,0.018523625091029058,adequate_descriptive_sample,estimated_exploratory,uses point-in-time Stage 11D eligibility flags
universe,core_plus_extension,5,peer_catchup,309,309,0.0019030380018246363,0.0024004393213751174,-0.0008536418485873014,0.004659717852236574,adequate_descriptive_sample,estimated_exploratory,uses point-in-time Stage 11D eligibility flags
universe,core_plus_extension,5,initiator_reversal,309,309,0.010184299601871115,0.00811864632022155,0.004246855017744878,0.01612174418599735,adequate_descriptive_sample,estimated_exploratory,uses point-in-time Stage 11D eligibility flags
universe,core_plus_extension,10,convergence,174,174,0.0032544209291188553,0.005983051684231392,-0.008552561817737253,0.015061403675974964,adequate_descriptive_sample,estimated_exploratory,uses point-in-time Stage 11D eligibility flags
universe,core_plus_extension,10,peer_catchup,174,174,0.0048945497242173655,0.007562517376130255,-0.0003076021867187591,0.01009670163515349,adequate_descriptive_sample,estimated_exploratory,uses point-in-time Stage 11D eligibility flags
universe,core_plus_extension,10,initiator_reversal,174,174,-0.0016401287950985075,-0.004385429702458474,-0.012077611218889263,0.008797353628692248,adequate_descriptive_sample,estimated_exploratory,uses point-in-time Stage 11D eligibility flags
universe,core_plus_extension,20,convergence,48,48,0.023440329627471754,0.020331623543387273,-0.010734443657363296,0.0576151029123068,adequate_descriptive_sample,estimated_exploratory,uses point-in-time Stage 11D eligibility flags
universe,core_plus_extension,20,peer_catchup,48,48,0.0038113829348658916,0.008274989235665433,-0.010885498465478025,0.018508264335209808,adequate_descriptive_sample,estimated_exploratory,uses point-in-time Stage 11D eligibility flags
universe,core_plus_extension,20,initiator_reversal,48,48,0.019628946692605866,0.018984990359980775,-0.008887165733001797,0.048145059118213526,adequate_descriptive_sample,estimated_exploratory,uses point-in-time Stage 11D eligibility flags
universe,excluding_questionable,1,convergence,226,226,0.0053963111301805365,0.002442522587469475,0.0001672700765492762,0.010625352183811797,adequate_descriptive_sample,estimated_exploratory,identical to core: reviewed universe contains zero questionable securities
universe,excluding_questionable,1,peer_catchup,226,226,0.0026150612839820784,0.000272013731849055,0.0001812533690753169,0.00504886919888884,adequate_descriptive_sample,estimated_exploratory,identical to core: reviewed universe contains zero questionable securities
universe,excluding_questionable,1,initiator_reversal,226,226,0.0027812498461984568,0.0025580787799749246,-0.00211619370151904,0.007678693393915954,adequate_descriptive_sample,estimated_exploratory,identical to core: reviewed universe contains zero questionable securities
universe,excluding_questionable,3,convergence,196,196,0.0020598446295170703,0.001204447007449717,-0.00429961911408659,0.00841930837312073,adequate_descriptive_sample,estimated_exploratory,identical to core: reviewed universe contains zero questionable securities
universe,excluding_questionable,3,peer_catchup,196,196,0.001762908247353488,-0.0003172973315667257,-0.0015730388695140312,0.005098855364221007,adequate_descriptive_sample,estimated_exploratory,identical to core: reviewed universe contains zero questionable securities
universe,excluding_questionable,3,initiator_reversal,196,196,0.0002969363821635826,-0.0018573194700174274,-0.005727176439929365,0.00632104920425653,adequate_descriptive_sample,estimated_exploratory,identical to core: reviewed universe contains zero questionable securities
universe,excluding_questionable,5,convergence,173,173,0.003760951149214081,0.0009755050179123606,-0.003995375875189864,0.011517278173618027,adequate_descriptive_sample,estimated_exploratory,identical to core: reviewed universe contains zero questionable securities
universe,excluding_questionable,5,peer_catchup,173,173,0.0021766361934518535,-0.0009148276990219072,-0.0019951318677767114,0.0063484042546804184,adequate_descriptive_sample,estimated_exploratory,identical to core: reviewed universe contains zero questionable securities
universe,excluding_questionable,5,initiator_reversal,173,173,0.0015843149557622281,-0.0008878947378266047,-0.005285901951434516,0.008454531862958973,adequate_descriptive_sample,estimated_exploratory,identical to core: reviewed universe contains zero questionable securities
universe,excluding_questionable,10,convergence,114,114,-0.0014756532783217814,-0.004646014321721376,-0.01572711587556608,0.01277580931892252,adequate_descriptive_sample,estimated_exploratory,identical to core: reviewed universe contains zero questionable securities
universe,excluding_questionable,10,peer_catchup,114,114,0.002647004570049579,0.002729799632783358,-0.004863628172090453,0.01015763731218961,adequate_descriptive_sample,estimated_exploratory,identical to core: reviewed universe contains zero questionable securities
universe,excluding_questionable,10,initiator_reversal,114,114,-0.004122657848371359,-0.0057500675736210025,-0.01561561149227675,0.007370295795534032,adequate_descriptive_sample,estimated_exploratory,identical to core: reviewed universe contains zero questionable securities
universe,excluding_questionable,20,convergence,30,30,0.005218087314219023,0.02500310095583569,-0.04277756447585767,0.053213739104295714,adequate_descriptive_sample,estimated_exploratory,identical to core: reviewed universe contains zero questionable securities
universe,excluding_questionable,20,peer_catchup,30,30,-0.013312708568917725,-0.010084088712109774,-0.03701126052197665,0.010385843384141197,adequate_descriptive_sample,estimated_exploratory,identical to core: reviewed universe contains zero questionable securities
universe,excluding_questionable,20,initiator_reversal,30,30,0.018530795883136744,0.034352426177868545,-0.016182001460500136,0.05324359322677362,adequate_descriptive_sample,estimated_exploratory,identical to core: reviewed universe contains zero questionable securities
extreme_event_treatment,all_events,1,convergence,226,226,0.0053963111301805365,0.002442522587469475,0.0001672700765492762,0.010625352183811797,adequate_descriptive_sample,estimated_exploratory,
extreme_event_treatment,all_events,1,peer_catchup,226,226,0.0026150612839820784,0.000272013731849055,0.0001812533690753169,0.00504886919888884,adequate_descriptive_sample,estimated_exploratory,
extreme_event_treatment,all_events,1,initiator_reversal,226,226,0.0027812498461984568,0.0025580787799749246,-0.00211619370151904,0.007678693393915954,adequate_descriptive_sample,estimated_exploratory,
extreme_event_treatment,all_events,3,convergence,196,196,0.0020598446295170703,0.001204447007449717,-0.00429961911408659,0.00841930837312073,adequate_descriptive_sample,estimated_exploratory,
extreme_event_treatment,all_events,3,peer_catchup,196,196,0.001762908247353488,-0.0003172973315667257,-0.0015730388695140312,0.005098855364221007,adequate_descriptive_sample,estimated_exploratory,
extreme_event_treatment,all_events,3,initiator_reversal,196,196,0.0002969363821635826,-0.0018573194700174274,-0.005727176439929365,0.00632104920425653,adequate_descriptive_sample,estimated_exploratory,
extreme_event_treatment,all_events,5,convergence,173,173,0.003760951149214081,0.0009755050179123606,-0.003995375875189864,0.011517278173618027,adequate_descriptive_sample,estimated_exploratory,
extreme_event_treatment,all_events,5,peer_catchup,173,173,0.0021766361934518535,-0.0009148276990219072,-0.0019951318677767114,0.0063484042546804184,adequate_descriptive_sample,estimated_exploratory,
extreme_event_treatment,all_events,5,initiator_reversal,173,173,0.0015843149557622281,-0.0008878947378266047,-0.005285901951434516,0.008454531862958973,adequate_descriptive_sample,estimated_exploratory,
extreme_event_treatment,all_events,10,convergence,114,114,-0.0014756532783217814,-0.004646014321721376,-0.01572711587556608,0.01277580931892252,adequate_descriptive_sample,estimated_exploratory,
extreme_event_treatment,all_events,10,peer_catchup,114,114,0.002647004570049579,0.002729799632783358,-0.004863628172090453,0.01015763731218961,adequate_descriptive_sample,estimated_exploratory,
extreme_event_treatment,all_events,10,initiator_reversal,114,114,-0.004122657848371359,-0.0057500675736210025,-0.01561561149227675,0.007370295795534032,adequate_descriptive_sample,estimated_exploratory,
extreme_event_treatment,winsorized_1_99,1,convergence,226,226,0.004835610017776353,0.002442522587469475,0.00023246580541153115,0.009438754230141174,adequate_descriptive_sample,estimated_exploratory,outcomes winsorized within horizon
extreme_event_treatment,winsorized_1_99,1,peer_catchup,226,226,0.002607075869411147,0.000272013731849055,0.0005535826241678827,0.004660569114654412,adequate_descriptive_sample,estimated_exploratory,outcomes winsorized within horizon
extreme_event_treatment,winsorized_1_99,1,initiator_reversal,226,226,0.001817270496412234,0.0025580787799749246,-0.0022490269137085826,0.005883567906533051,adequate_descriptive_sample,estimated_exploratory,outcomes winsorized within horizon
extreme_event_treatment,winsorized_1_99,3,convergence,196,196,0.002067968341069756,0.001204447007449717,-0.0040115653505119545,0.008147502032651468,adequate_descriptive_sample,estimated_exploratory,outcomes winsorized within horizon
extreme_event_treatment,winsorized_1_99,3,peer_catchup,196,196,0.0019421113371423065,-0.0003172973315667257,-0.0012643906026273493,0.005148613276911962,adequate_descriptive_sample,estimated_exploratory,outcomes winsorized within horizon
extreme_event_treatment,winsorized_1_99,3,initiator_reversal,196,196,0.00010914407960060071,-0.0018573194700174274,-0.005466234591671578,0.00568452275087278,adequate_descriptive_sample,estimated_exploratory,outcomes winsorized within horizon
extreme_event_treatment,winsorized_1_99,5,convergence,173,173,0.0041074642824828105,0.0009755050179123606,-0.00304585208031298,0.011260780645278601,adequate_descriptive_sample,estimated_exploratory,outcomes winsorized within horizon
extreme_event_treatment,winsorized_1_99,5,peer_catchup,173,173,0.0018948968172286045,-0.0009148276990219072,-0.0020952507317051738,0.005885044366162382,adequate_descriptive_sample,estimated_exploratory,outcomes winsorized within horizon
extreme_event_treatment,winsorized_1_99,5,initiator_reversal,173,173,0.001973677437843679,-0.0008878947378266047,-0.004548573246253835,0.008495928121941193,adequate_descriptive_sample,estimated_exploratory,outcomes winsorized within horizon
extreme_event_treatment,winsorized_1_99,10,convergence,114,114,-0.0015335106861892318,-0.004646014321721376,-0.015466558205562251,0.012399536833183787,adequate_descriptive_sample,estimated_exploratory,outcomes winsorized within horizon
extreme_event_treatment,winsorized_1_99,10,peer_catchup,114,114,0.00228598491957268,0.002729799632783358,-0.0046814489331048915,0.009253418772250253,adequate_descriptive_sample,estimated_exploratory,outcomes winsorized within horizon
extreme_event_treatment,winsorized_1_99,10,initiator_reversal,114,114,-0.004126490321967577,-0.0057500675736210025,-0.01537537808438216,0.007122397440447007,adequate_descriptive_sample,estimated_exploratory,outcomes winsorized within horizon
extreme_event_treatment,exclude_flagged_extremes,1,convergence,219,219,0.0016157722587708113,0.001805355905285978,-0.00212006283574303,0.005351607353284653,adequate_descriptive_sample,estimated_exploratory,excludes convergence outside three IQRs within horizon
extreme_event_treatment,exclude_flagged_extremes,1,peer_catchup,219,219,0.001787409631551284,0.00031951299941327576,-0.00032654949829242987,0.003901368761394998,adequate_descriptive_sample,estimated_exploratory,excludes convergence outside three IQRs within horizon
extreme_event_treatment,exclude_flagged_extremes,1,initiator_reversal,219,219,-0.000171637372780473,0.0009541712277185884,-0.0037331153643000415,0.003389840618739096,adequate_descriptive_sample,estimated_exploratory,excludes convergence outside three IQRs within horizon
extreme_event_treatment,exclude_flagged_extremes,3,convergence,194,194,0.0020200915797632104,0.001204447007449717,-0.0039058031200605425,0.007945986279586963,adequate_descriptive_sample,estimated_exploratory,excludes convergence outside three IQRs within horizon
extreme_event_treatment,exclude_flagged_extremes,3,peer_catchup,194,194,0.0020323073890375896,0.00016307824641389112,-0.00131668455802476,0.005381299336099939,adequate_descriptive_sample,estimated_exploratory,excludes convergence outside three IQRs within horizon
extreme_event_treatment,exclude_flagged_extremes,3,initiator_reversal,194,194,-1.2215809274379024e-05,-0.0018573194700174274,-0.005572690493005751,0.005548258874456993,adequate_descriptive_sample,estimated_exploratory,excludes convergence outside three IQRs within horizon
extreme_event_treatment,exclude_flagged_extremes,5,convergence,171,171,0.004013190336284784,0.0009755050179123606,-0.0029849614225638064,0.011011342095133374,adequate_descriptive_sample,estimated_exploratory,excludes convergence outside three IQRs within horizon
extreme_event_treatment,exclude_flagged_extremes,5,peer_catchup,171,171,0.0023208999090841118,-0.0009148276990219072,-0.0017995802619320063,0.00644138008010023,adequate_descriptive_sample,estimated_exploratory,excludes convergence outside three IQRs within horizon
extreme_event_treatment,exclude_flagged_extremes,5,initiator_reversal,171,171,0.0016922904272006723,-0.0008878947378266047,-0.004736056960441552,0.008120637814842896,adequate_descriptive_sample,estimated_exploratory,excludes convergence outside three IQRs within horizon
extreme_event_treatment,exclude_flagged_extremes,10,convergence,114,114,-0.0014756532783217814,-0.004646014321721376,-0.01572711587556608,0.01277580931892252,adequate_descriptive_sample,estimated_exploratory,excludes convergence outside three IQRs within horizon
extreme_event_treatment,exclude_flagged_extremes,10,peer_catchup,114,114,0.002647004570049579,0.002729799632783358,-0.004863628172090453,0.01015763731218961,adequate_descriptive_sample,estimated_exploratory,excludes convergence outside three IQRs within horizon
extreme_event_treatment,exclude_flagged_extremes,10,initiator_reversal,114,114,-0.004122657848371359,-0.0057500675736210025,-0.01561561149227675,0.007370295795534032,adequate_descriptive_sample,estimated_exploratory,excludes convergence outside three IQRs within horizon
