model_specification,horizon,dependent_variable,sample_size,event_count,r_squared,adjusted_r_squared,covariance_estimator,sample_label,status,term,coefficient,standard_error,ci_lower,ci_upper,p_value_context_only
primary_linear,1,peer_car,226,226,0.044659846449966345,0.022947570232920156,HC3,adequate_analysis_sample,estimated_confirmatory,const,-0.006108631255903017,0.005496118516366165,-0.016880825602744415,0.004663563090938381,0.26637702302959276
primary_linear,1,peer_car,226,226,0.044659846449966345,0.022947570232920156,HC3,adequate_analysis_sample,estimated_confirmatory,EquipmentIndicator,0.0011138377241943554,0.002351764595981818,-0.003495536184046399,0.00572321163243511,0.6357724343597573
primary_linear,1,peer_car,226,226,0.044659846449966345,0.022947570232920156,HC3,adequate_analysis_sample,estimated_confirmatory,ShockMagnitude,0.001117201216450171,0.0010223289467519373,-0.0008865266995363929,0.003120929132436735,0.2744815600234697
primary_linear,1,peer_car,226,226,0.044659846449966345,0.022947570232920156,HC3,adequate_analysis_sample,estimated_confirmatory,SectorMomentum,-0.01946599002376101,0.012222337810491543,-0.043421331939206574,0.004489351891684555,0.11123719280469911
primary_linear,1,peer_car,226,226,0.044659846449966345,0.022947570232920156,HC3,adequate_analysis_sample,estimated_confirmatory,VolumeMeasure,-0.0053418755934095405,0.0036999467162726536,-0.01259363790202118,0.0019098867152020985,0.14880341549822704
primary_linear,1,peer_car,226,226,0.044659846449966345,0.022947570232920156,HC3,adequate_analysis_sample,estimated_confirmatory,EventDirection,0.004324979208322918,0.0024942385200422777,-0.000563638459812432,0.009213596876458268,0.08292024470835999
targeted_shock_quadratic,1,peer_car,226,226,0.05055040471000316,0.02453808703082505,HC3,adequate_analysis_sample,estimated_confirmatory,const,0.0010463906035029238,0.014342869361046335,-0.02706511677911091,0.029157897986116756,0.9418415623623227
targeted_shock_quadratic,1,peer_car,226,226,0.05055040471000316,0.02453808703082505,HC3,adequate_analysis_sample,estimated_confirmatory,EquipmentIndicator,0.001356722008975079,0.002445196149705975,-0.0034357743795846423,0.0061492183975348,0.5789958861764366
targeted_shock_quadratic,1,peer_car,226,226,0.05055040471000316,0.02453808703082505,HC3,adequate_analysis_sample,estimated_confirmatory,ShockMagnitude,-0.0012722002275953805,0.005351336616713314,-0.0117606272655039,0.009216226810313137,0.8120866042537006
targeted_shock_quadratic,1,peer_car,226,226,0.05055040471000316,0.02453808703082505,HC3,adequate_analysis_sample,estimated_confirmatory,SectorMomentum,-0.01716900010749293,0.01341473309984368,-0.0434613938454039,0.009123393630418038,0.20059385834979238
targeted_shock_quadratic,1,peer_car,226,226,0.05055040471000316,0.02453808703082505,HC3,adequate_analysis_sample,estimated_confirmatory,VolumeMeasure,-0.005362877625961574,0.003799506581476814,-0.012809773684679029,0.0020840184327558823,0.158107000492702
targeted_shock_quadratic,1,peer_car,226,226,0.05055040471000316,0.02453808703082505,HC3,adequate_analysis_sample,estimated_confirmatory,EventDirection,0.0046674906141076205,0.0028520893625812956,-0.0009225018172415184,0.01025748304545676,0.10173158569332238
targeted_shock_quadratic,1,peer_car,226,226,0.05055040471000316,0.02453808703082505,HC3,adequate_analysis_sample,estimated_confirmatory,ShockMagnitudeSquared,0.00015416393102238787,0.0003991310209668345,-0.0006281184951853089,0.0009364463572300847,0.6993123168282842
primary_linear,1,convergence,226,226,0.04002966391739293,0.018212156279151848,HC3,adequate_analysis_sample,estimated_confirmatory,const,0.008652296109371847,0.010640383466128481,-0.012202472265935441,0.029507064484679137,0.4161283829155408
primary_linear,1,convergence,226,226,0.04002966391739293,0.018212156279151848,HC3,adequate_analysis_sample,estimated_confirmatory,EquipmentIndicator,0.006086094981054934,0.004199157108715909,-0.002144101717453592,0.01431629167956346,0.1472367651466618
primary_linear,1,convergence,226,226,0.04002966391739293,0.018212156279151848,HC3,adequate_analysis_sample,estimated_confirmatory,ShockMagnitude,1.874456437007954e-05,0.001984482782248744,-0.0038707702167773013,0.003908259345517461,0.9924636402723733
primary_linear,1,convergence,226,226,0.04002966391739293,0.018212156279151848,HC3,adequate_analysis_sample,estimated_confirmatory,SectorMomentum,-0.06851106621632726,0.027530285241161294,-0.12246943377311799,-0.014552698659536525,0.012825766763074793
primary_linear,1,convergence,226,226,0.04002966391739293,0.018212156279151848,HC3,adequate_analysis_sample,estimated_confirmatory,VolumeMeasure,8.435475482590667e-05,0.007540563387034428,-0.014694877906902937,0.01486358741655475,0.9910744132417435
primary_linear,1,convergence,226,226,0.04002966391739293,0.018212156279151848,HC3,adequate_analysis_sample,estimated_confirmatory,EventDirection,-0.006811947912110899,0.005550118937070492,-0.01768998113868279,0.004066085314460993,0.21969043179895376
targeted_shock_quadratic,1,convergence,226,226,0.04048257696286728,0.014194428386507418,HC3,adequate_analysis_sample,estimated_confirmatory,const,0.012880094349827252,0.02809026659986565,-0.04217581650203782,0.06793600520169232,0.6465751815328589
targeted_shock_quadratic,1,convergence,226,226,0.04048257696286728,0.014194428386507418,HC3,adequate_analysis_sample,estimated_confirmatory,EquipmentIndicator,0.0062296117685655735,0.004305494630999448,-0.002209002643823914,0.014668226180955061,0.14792548050513243
targeted_shock_quadratic,1,convergence,226,226,0.04048257696286728,0.014194428386507418,HC3,adequate_analysis_sample,estimated_confirmatory,ShockMagnitude,-0.001393117959515493,0.010223277144086839,-0.0214303729658972,0.01864413704686621,0.8916084590607357
targeted_shock_quadratic,1,convergence,226,226,0.04048257696286728,0.014194428386507418,HC3,adequate_analysis_sample,estimated_confirmatory,SectorMomentum,-0.0671538083187046,0.029467785244465507,-0.12490960610201782,-0.009398010535391375,0.022673671194778762
targeted_shock_quadratic,1,convergence,226,226,0.04048257696286728,0.014194428386507418,HC3,adequate_analysis_sample,estimated_confirmatory,VolumeMeasure,7.194495957798782e-05,0.007659749561303876,-0.01494088831117409,0.015084778230330064,0.992505900096215
targeted_shock_quadratic,1,convergence,226,226,0.04048257696286728,0.014194428386507418,HC3,adequate_analysis_sample,estimated_confirmatory,EventDirection,-0.006609562909358072,0.006100282051200863,-0.01856589602524789,0.005346770206531746,0.2785932917336651
targeted_shock_quadratic,1,convergence,226,226,0.04048257696286728,0.014194428386507418,HC3,adequate_analysis_sample,estimated_confirmatory,ShockMagnitudeSquared,9.109322223262257e-05,0.000753178572215306,-0.0013851096532366775,0.0015672960977019224,0.9037345570414785
primary_linear,1,initiator_reversal,226,226,0.03661617599408418,0.014721089084858807,HC3,adequate_analysis_sample,estimated_confirmatory,const,0.012092960860650573,0.008047167789219442,-0.0036791981837703425,0.02786511990507149,0.13290097645190221
primary_linear,1,initiator_reversal,226,226,0.03661617599408418,0.014721089084858807,HC3,adequate_analysis_sample,estimated_confirmatory,EquipmentIndicator,-0.003132038090045451,0.0041102820410132395,-0.011188042856733185,0.004923966676642284,0.44605954316266616
primary_linear,1,initiator_reversal,226,226,0.03661617599408418,0.014721089084858807,HC3,adequate_analysis_sample,estimated_confirmatory,ShockMagnitude,-0.0006268144308620145,0.0013648848052235257,-0.0033019394921460915,0.002048310630422062,0.6460593391945622
primary_linear,1,initiator_reversal,226,226,0.03661617599408418,0.014721089084858807,HC3,adequate_analysis_sample,estimated_confirmatory,SectorMomentum,-0.06359962870850969,0.025410034291139843,-0.11340238076507153,-0.013796876651947836,0.012316864812605558
primary_linear,1,initiator_reversal,226,226,0.03661617599408418,0.014721089084858807,HC3,adequate_analysis_sample,estimated_confirmatory,VolumeMeasure,-0.00044154360586933297,0.007220136788561513,-0.014592751674902586,0.01370966446316392,0.9512361931149005
primary_linear,1,initiator_reversal,226,226,0.03661617599408418,0.014721089084858807,HC3,adequate_analysis_sample,estimated_confirmatory,EventDirection,-0.0073364065581355675,0.005354297888099543,-0.017830637581309546,0.003157824465038409,0.1706275329337632
targeted_shock_quadratic,1,initiator_reversal,226,226,0.04377999482553485,0.017582186464590532,HC3,adequate_analysis_sample,estimated_confirmatory,const,-0.0036550796347155,0.0199141202758617,-0.04268603815920328,0.035375878889772276,0.854372681691562
targeted_shock_quadratic,1,initiator_reversal,226,226,0.04377999482553485,0.017582186464590532,HC3,adequate_analysis_sample,estimated_confirmatory,EquipmentIndicator,-0.003666620880646769,0.004169022050099629,-0.011837753949595381,0.004504512188301844,0.3791346546890064
targeted_shock_quadratic,1,initiator_reversal,226,226,0.04377999482553485,0.017582186464590532,HC3,adequate_analysis_sample,estimated_confirmatory,ShockMagnitude,0.004632203841884355,0.006733915193260903,-0.008566027411854093,0.017830435095622803,0.4915210331065668
targeted_shock_quadratic,1,initiator_reversal,226,226,0.04377999482553485,0.017582186464590532,HC3,adequate_analysis_sample,estimated_confirmatory,SectorMomentum,-0.06865525130891932,0.026258135825372942,-0.12012025182781122,-0.01719025079002743,0.008932474199139067
targeted_shock_quadratic,1,initiator_reversal,226,226,0.04377999482553485,0.017582186464590532,HC3,adequate_analysis_sample,estimated_confirmatory,VolumeMeasure,-0.0003953186095502388,0.007175134552659442,-0.014458323916991657,0.013667686697891179,0.9560622719466243
targeted_shock_quadratic,1,initiator_reversal,226,226,0.04377999482553485,0.017582186464590532,HC3,adequate_analysis_sample,estimated_confirmatory,EventDirection,-0.008090266377771426,0.0055468920220446225,-0.01896197496711144,0.0027814422115685893,0.1446965998648686
targeted_shock_quadratic,1,initiator_reversal,226,226,0.04377999482553485,0.017582186464590532,HC3,adequate_analysis_sample,estimated_confirmatory,ShockMagnitudeSquared,-0.00033931130838878555,0.0004615806572386016,-0.0012439927725367722,0.0005653701557592009,0.4622741518475302
primary_linear,5,peer_car,173,173,0.013999892866392472,-0.015521068425032869,HC3,adequate_analysis_sample,estimated_confirmatory,const,0.001611977027222317,0.007162897915363965,-0.012427044911828087,0.01565099896627272,0.8219439775405548
primary_linear,5,peer_car,173,173,0.013999892866392472,-0.015521068425032869,HC3,adequate_analysis_sample,estimated_confirmatory,EquipmentIndicator,-0.000948088290419001,0.004057158997991321,-0.008899973806034602,0.0070037972251966,0.8152312386943118
primary_linear,5,peer_car,173,173,0.013999892866392472,-0.015521068425032869,HC3,adequate_analysis_sample,estimated_confirmatory,ShockMagnitude,-0.0005843540971993321,0.0011136448570809676,-0.0027670579086462844,0.0015983497142476205,0.5997763736155013
primary_linear,5,peer_car,173,173,0.013999892866392472,-0.015521068425032869,HC3,adequate_analysis_sample,estimated_confirmatory,SectorMomentum,0.01571851467230484,0.021806737453760803,-0.027021905357387015,0.058458934701996694,0.47102641496386155
primary_linear,5,peer_car,173,173,0.013999892866392472,-0.015521068425032869,HC3,adequate_analysis_sample,estimated_confirmatory,VolumeMeasure,-0.00424793002586015,0.006854862535496932,-0.017683213714407054,0.009187353662686755,0.535458033021579
primary_linear,5,peer_car,173,173,0.013999892866392472,-0.015521068425032869,HC3,adequate_analysis_sample,estimated_confirmatory,EventDirection,0.004902143480858013,0.004679286980869342,-0.0042690904749730614,0.01407337743668909,0.29481087696970465
targeted_shock_quadratic,5,peer_car,173,173,0.014115138412987505,-0.02151925417449485,HC3,adequate_analysis_sample,estimated_confirmatory,const,0.003099918746053743,0.014926272363982368,-0.02615503751078723,0.03235487500289472,0.8354772392121139
targeted_shock_quadratic,5,peer_car,173,173,0.014115138412987505,-0.02151925417449485,HC3,adequate_analysis_sample,estimated_confirmatory,EquipmentIndicator,-0.0009145849769097562,0.0040645597416621255,-0.008880975683578948,0.0070518057297594364,0.8219679751953226
targeted_shock_quadratic,5,peer_car,173,173,0.014115138412987505,-0.02151925417449485,HC3,adequate_analysis_sample,estimated_confirmatory,ShockMagnitude,-0.001083292903900617,0.004761380952320186,-0.010415428087123207,0.008248842279321973,0.8200221119930367
targeted_shock_quadratic,5,peer_car,173,173,0.014115138412987505,-0.02151925417449485,HC3,adequate_analysis_sample,estimated_confirmatory,SectorMomentum,0.016080996367387364,0.022106477756567572,-0.027246903860520887,0.059408896595295614,0.4669603313943601
targeted_shock_quadratic,5,peer_car,173,173,0.014115138412987505,-0.02151925417449485,HC3,adequate_analysis_sample,estimated_confirmatory,VolumeMeasure,-0.004264298118814475,0.006869472814383011,-0.017728217427782182,0.00919962119015323,0.5347571453324103
targeted_shock_quadratic,5,peer_car,173,173,0.014115138412987505,-0.02151925417449485,HC3,adequate_analysis_sample,estimated_confirmatory,EventDirection,0.004952381454045897,0.0047594372653021475,-0.004375944172624118,0.014280707080715912,0.2980894218530573
targeted_shock_quadratic,5,peer_car,173,173,0.014115138412987505,-0.02151925417449485,HC3,adequate_analysis_sample,estimated_confirmatory,ShockMagnitudeSquared,3.2952501561999174e-05,0.00034376749229405435,-0.000640819402389998,0.0007067244055139962,0.9236341900573474
primary_linear,5,convergence,173,173,0.013736789005832861,-0.015792049646687012,HC3,adequate_analysis_sample,estimated_confirmatory,const,0.003275836546322972,0.012355282800701108,-0.020940072761858372,0.027491745854504313,0.7909043035260009
primary_linear,5,convergence,173,173,0.013736789005832861,-0.015792049646687012,HC3,adequate_analysis_sample,estimated_confirmatory,EquipmentIndicator,-0.002334961176404468,0.007392354493444307,-0.016823709744508145,0.01215378739169921,0.7521075330909346
primary_linear,5,convergence,173,173,0.013736789005832861,-0.015792049646687012,HC3,adequate_analysis_sample,estimated_confirmatory,ShockMagnitude,-0.00029212318881358817,0.0019455355823738455,-0.004105302860907485,0.003521056483280309,0.8806458587140743
primary_linear,5,convergence,173,173,0.013736789005832861,-0.015792049646687012,HC3,adequate_analysis_sample,estimated_confirmatory,SectorMomentum,-0.05106104190451981,0.05038510973267471,-0.1498140423376608,0.04769195852862118,0.31086182670811957
primary_linear,5,convergence,173,173,0.013736789005832861,-0.015792049646687012,HC3,adequate_analysis_sample,estimated_confirmatory,VolumeMeasure,0.0016161248129699067,0.013286810124539404,-0.024425544500549477,0.02765779412648929,0.9031890670848164
primary_linear,5,convergence,173,173,0.013736789005832861,-0.015792049646687012,HC3,adequate_analysis_sample,estimated_confirmatory,EventDirection,0.004893218927378965,0.008272904827917987,-0.011321376582867823,0.02110781443762575,0.5542019950816
targeted_shock_quadratic,5,convergence,173,173,0.017667337583184728,-0.017838662263206295,HC3,adequate_analysis_sample,estimated_confirmatory,const,0.01938794461724692,0.02466313267555634,-0.02895090717277649,0.06772679640727033,0.4318028232618347
targeted_shock_quadratic,5,convergence,173,173,0.017667337583184728,-0.017838662263206295,HC3,adequate_analysis_sample,estimated_confirmatory,EquipmentIndicator,-0.0019721720959161963,0.00741061834904981,-0.016496717163225497,0.012552372971393106,0.7901407295498523
targeted_shock_quadratic,5,convergence,173,173,0.017667337583184728,-0.017838662263206295,HC3,adequate_analysis_sample,estimated_confirmatory,ShockMagnitude,-0.005694858976517743,0.007744714249092522,-0.020874219975293255,0.00948450202225777,0.46214339667461446
targeted_shock_quadratic,5,convergence,173,173,0.017667337583184728,-0.017838662263206295,HC3,adequate_analysis_sample,estimated_confirmatory,SectorMomentum,-0.04713592563754105,0.05086143245294967,-0.1468225014474391,0.052550650172357,0.35405539992918666
targeted_shock_quadratic,5,convergence,173,173,0.017667337583184728,-0.017838662263206295,HC3,adequate_analysis_sample,estimated_confirmatory,VolumeMeasure,0.0014388836755938848,0.013184199710278595,-0.024401672921535576,0.027279440272723346,0.9130938481382295
targeted_shock_quadratic,5,convergence,173,173,0.017667337583184728,-0.017838662263206295,HC3,adequate_analysis_sample,estimated_confirmatory,EventDirection,0.005437218496060368,0.00842142197751788,-0.011068465278488756,0.02194290227060949,0.5185116330693866
targeted_shock_quadratic,5,convergence,173,173,0.017667337583184728,-0.017838662263206295,HC3,adequate_analysis_sample,estimated_confirmatory,ShockMagnitudeSquared,0.0003568246387977867,0.0005002237799139897,-0.0006235959540441234,0.001337245231639697,0.47564156550254677
primary_linear,5,initiator_reversal,173,173,0.028601822513691588,-0.0004819552553594342,HC3,adequate_analysis_sample,estimated_confirmatory,const,0.006242943631453376,0.01027874690088413,-0.013903030100482213,0.026388917363388966,0.5436091933099199
primary_linear,5,initiator_reversal,173,173,0.028601822513691588,-0.0004819552553594342,HC3,adequate_analysis_sample,estimated_confirmatory,EquipmentIndicator,-0.0105682383723693,0.006848584727082883,-0.023991217782522826,0.0028547410377842263,0.12279988098868369
primary_linear,5,initiator_reversal,173,173,0.028601822513691588,-0.0004819552553594342,HC3,adequate_analysis_sample,estimated_confirmatory,ShockMagnitude,-0.0008454356409098835,0.0015960306229624477,-0.003973598180139307,0.00228272689831954,0.5963120317605769
primary_linear,5,initiator_reversal,173,173,0.028601822513691588,-0.0004819552553594342,HC3,adequate_analysis_sample,estimated_confirmatory,SectorMomentum,-0.054594798187837384,0.045956668676913615,-0.1446682136440281,0.035478617268353316,0.23484819122955225
primary_linear,5,initiator_reversal,173,173,0.028601822513691588,-0.0004819552553594342,HC3,adequate_analysis_sample,estimated_confirmatory,VolumeMeasure,0.0012830214699136484,0.012753844025144371,-0.023714053483810674,0.02628009642363797,0.9198689452533417
primary_linear,5,initiator_reversal,173,173,0.028601822513691588,-0.0004819552553594342,HC3,adequate_analysis_sample,estimated_confirmatory,EventDirection,0.004886271611749617,0.007197725970750486,-0.009221012061509935,0.01899355528500917,0.4972245159257124
targeted_shock_quadratic,5,initiator_reversal,173,173,0.030532187592709148,-0.0045088176750243125,HC3,adequate_analysis_sample,estimated_confirmatory,const,0.016244321723146684,0.021301752302669504,-0.02550634559767871,0.05799498904397207,0.4457130350950492
targeted_shock_quadratic,5,initiator_reversal,173,173,0.030532187592709148,-0.0045088176750243125,HC3,adequate_analysis_sample,estimated_confirmatory,EquipmentIndicator,-0.010343041846531138,0.006886451031137223,-0.023840237848858813,0.003154154155796538,0.1331123955876487
targeted_shock_quadratic,5,initiator_reversal,173,173,0.030532187592709148,-0.0045088176750243125,HC3,adequate_analysis_sample,estimated_confirmatory,ShockMagnitude,-0.0041991124598895185,0.006674656040833332,-0.01728119790911556,0.00888297298933652,0.529275122008597
targeted_shock_quadratic,5,initiator_reversal,173,173,0.030532187592709148,-0.0045088176750243125,HC3,adequate_analysis_sample,estimated_confirmatory,SectorMomentum,-0.052158334153019126,0.046261311013790676,-0.14282883761765497,0.03851216931161673,0.2595429605359847
targeted_shock_quadratic,5,initiator_reversal,173,173,0.030532187592709148,-0.0045088176750243125,HC3,adequate_analysis_sample,estimated_confirmatory,VolumeMeasure,0.001173001376919225,0.012749412189394438,-0.02381538733834983,0.02616139009218828,0.9266945837303274
targeted_shock_quadratic,5,initiator_reversal,173,173,0.030532187592709148,-0.0045088176750243125,HC3,adequate_analysis_sample,estimated_confirmatory,EventDirection,0.005223952152629248,0.0073454020002374784,-0.009172771219804683,0.019620675525063178,0.47696855393467896
targeted_shock_quadratic,5,initiator_reversal,173,173,0.030532187592709148,-0.0045088176750243125,HC3,adequate_analysis_sample,estimated_confirmatory,ShockMagnitudeSquared,0.0002214941775054732,0.0004253407772729555,-0.0006121584271057924,0.0010551467821167386,0.6025442671629107
primary_linear,10,peer_car,114,114,0.027828782268777053,-0.0171791444780387,HC3,adequate_analysis_sample,estimated_confirmatory,const,0.010227466297955904,0.011515454117937137,-0.012342409038824342,0.032797341634736146,0.374459335771279
primary_linear,10,peer_car,114,114,0.027828782268777053,-0.0171791444780387,HC3,adequate_analysis_sample,estimated_confirmatory,EquipmentIndicator,-0.011812373507411184,0.0068307194021349806,-0.025200337524094715,0.0015755905092723482,0.08375514310836692
primary_linear,10,peer_car,114,114,0.027828782268777053,-0.0171791444780387,HC3,adequate_analysis_sample,estimated_confirmatory,ShockMagnitude,-0.0009739399039026601,0.0016062234921144492,-0.004122080099569136,0.0021742002917638156,0.5442797634197591
primary_linear,10,peer_car,114,114,0.027828782268777053,-0.0171791444780387,HC3,adequate_analysis_sample,estimated_confirmatory,SectorMomentum,0.03812961621629108,0.033020422617515165,-0.026589222868330466,0.10284845530091263,0.24820170989312618
primary_linear,10,peer_car,114,114,0.027828782268777053,-0.0171791444780387,HC3,adequate_analysis_sample,estimated_confirmatory,VolumeMeasure,-0.005928999846648296,0.011743496607060925,-0.02894583024905603,0.017087830555759437,0.6136465147617587
primary_linear,10,peer_car,114,114,0.027828782268777053,-0.0171791444780387,HC3,adequate_analysis_sample,estimated_confirmatory,EventDirection,0.005976468082026827,0.007906033534350397,-0.009519072905865863,0.021472009069919515,0.44968660407949346
targeted_shock_quadratic,10,peer_car,114,114,0.031006415994344838,-0.02332967282840226,HC3,adequate_analysis_sample,estimated_confirmatory,const,-0.0006028168472031453,0.040548168458041725,-0.08007576666402795,0.07887013296962166,0.9881385385147762
targeted_shock_quadratic,10,peer_car,114,114,0.031006415994344838,-0.02332967282840226,HC3,adequate_analysis_sample,estimated_confirmatory,EquipmentIndicator,-0.011919133949775111,0.006756942148988,-0.025162497207412267,0.0013242293078620446,0.07773476995077536
targeted_shock_quadratic,10,peer_car,114,114,0.031006415994344838,-0.02332967282840226,HC3,adequate_analysis_sample,estimated_confirmatory,ShockMagnitude,0.002582032288156084,0.01480899551074044,-0.026443065560110522,0.03160713013642269,0.8615859532964243
targeted_shock_quadratic,10,peer_car,114,114,0.031006415994344838,-0.02332967282840226,HC3,adequate_analysis_sample,estimated_confirmatory,SectorMomentum,0.03644015914380172,0.03388700074817469,-0.029977141866702542,0.10285746015430598,0.28222105786412033
targeted_shock_quadratic,10,peer_car,114,114,0.031006415994344838,-0.02332967282840226,HC3,adequate_analysis_sample,estimated_confirmatory,VolumeMeasure,-0.005817170651717732,0.01175813184273476,-0.028862685588951442,0.01722834428551598,0.6207865139914375
targeted_shock_quadratic,10,peer_car,114,114,0.031006415994344838,-0.02332967282840226,HC3,adequate_analysis_sample,estimated_confirmatory,EventDirection,0.0058860554063020635,0.00819138259699483,-0.010168759467395982,0.021940870280000108,0.47240788864655503
targeted_shock_quadratic,10,peer_car,114,114,0.031006415994344838,-0.02332967282840226,HC3,adequate_analysis_sample,estimated_confirmatory,ShockMagnitudeSquared,-0.0002345163220790508,0.001213305684281054,-0.002612551765507642,0.0021435191213495406,0.8467341382570612
primary_linear,10,convergence,114,114,0.034465130871358496,-0.010235557514226779,HC3,adequate_analysis_sample,estimated_confirmatory,const,-0.004792836162779241,0.02121112337563355,-0.04636587405065666,0.036780201725098174,0.8212336045829532
primary_linear,10,convergence,114,114,0.034465130871358496,-0.010235557514226779,HC3,adequate_analysis_sample,estimated_confirmatory,EquipmentIndicator,4.2956994810562296e-05,0.013781052267190992,-0.026967409117947837,0.027053323107568965,0.9975129136172474
primary_linear,10,convergence,114,114,0.034465130871358496,-0.010235557514226779,HC3,adequate_analysis_sample,estimated_confirmatory,ShockMagnitude,-0.0010112142149673725,0.004071378413354812,-0.008990969272576633,0.006968540842641888,0.8038470107727067
primary_linear,10,convergence,114,114,0.034465130871358496,-0.010235557514226779,HC3,adequate_analysis_sample,estimated_confirmatory,SectorMomentum,-0.08745109676531151,0.07042468448385825,-0.22548094197627044,0.050578748445647415,0.21432229223878663
primary_linear,10,convergence,114,114,0.034465130871358496,-0.010235557514226779,HC3,adequate_analysis_sample,estimated_confirmatory,VolumeMeasure,-0.004233973330038651,0.025157826105470578,-0.05354240642608255,0.04507445976600525,0.8663500506751414
primary_linear,10,convergence,114,114,0.034465130871358496,-0.010235557514226779,HC3,adequate_analysis_sample,estimated_confirmatory,EventDirection,0.021411579777483786,0.01538820531186111,-0.00874874842047194,0.05157190797543951,0.16409567808608783
targeted_shock_quadratic,10,convergence,114,114,0.034635783334405756,-0.019496789562730266,HC3,adequate_analysis_sample,estimated_confirmatory,const,1.1853586759506471e-05,0.04449002462183009,-0.0871869923433277,0.08721069951684672,0.999787417655215
targeted_shock_quadratic,10,convergence,114,114,0.034635783334405756,-0.019496789562730266,HC3,adequate_analysis_sample,estimated_confirmatory,EquipmentIndicator,9.031963493793226e-05,0.013849012974811737,-0.027053247017120988,0.027233886286996856,0.9947964427837848
targeted_shock_quadratic,10,convergence,114,114,0.034635783334405756,-0.019496789562730266,HC3,adequate_analysis_sample,estimated_confirmatory,ShockMagnitude,-0.002588766981763146,0.013614502650174817,-0.029272701843530907,0.024095167880004615,0.8491933572058693
targeted_shock_quadratic,10,convergence,114,114,0.034635783334405756,-0.019496789562730266,HC3,adequate_analysis_sample,estimated_confirmatory,SectorMomentum,-0.08670159493145567,0.0718495668831693,-0.2275241583272693,0.054120968464357946,0.22754382471775692
targeted_shock_quadratic,10,convergence,114,114,0.034635783334405756,-0.019496789562730266,HC3,adequate_analysis_sample,estimated_confirmatory,VolumeMeasure,-0.004283584644847373,0.025140512150900893,-0.05355808301350473,0.04499091372380999,0.8647067898133343
targeted_shock_quadratic,10,convergence,114,114,0.034635783334405756,-0.019496789562730266,HC3,adequate_analysis_sample,estimated_confirmatory,EventDirection,0.021451689980556125,0.015506379161085156,-0.0089402547057932,0.05184363466690545,0.1665389887077512
targeted_shock_quadratic,10,convergence,114,114,0.034635783334405756,-0.019496789562730266,HC3,adequate_analysis_sample,estimated_confirmatory,ShockMagnitudeSquared,0.00010403958545593289,0.0007853089479516627,-0.0014351376692663658,0.0016432168401782315,0.8946027719947071
primary_linear,10,initiator_reversal,114,114,0.0360198355607082,-0.008608875755925727,HC3,adequate_analysis_sample,estimated_confirmatory,const,0.004036224955187098,0.01636323164103532,-0.02803511973192838,0.03610756964230258,0.8051680432560724
primary_linear,10,initiator_reversal,114,114,0.0360198355607082,-0.008608875755925727,HC3,adequate_analysis_sample,estimated_confirmatory,EquipmentIndicator,-0.011357145065621925,0.01177470482253371,-0.03443514244637808,0.011720852315134233,0.3347764866362781
primary_linear,10,initiator_reversal,114,114,0.0360198355607082,-0.008608875755925727,HC3,adequate_analysis_sample,estimated_confirmatory,ShockMagnitude,-0.0012990600544259248,0.0031164924390836863,-0.007407272993121338,0.004809152884269488,0.6767998208912578
primary_linear,10,initiator_reversal,114,114,0.0360198355607082,-0.008608875755925727,HC3,adequate_analysis_sample,estimated_confirmatory,SectorMomentum,-0.09732753528132643,0.06171504629269034,-0.21828680331922168,0.023631732756568824,0.11478468606661289
primary_linear,10,initiator_reversal,114,114,0.0360198355607082,-0.008608875755925727,HC3,adequate_analysis_sample,estimated_confirmatory,VolumeMeasure,-0.011068367165948178,0.02109160496228788,-0.05240715326817871,0.030270418936282354,0.5997389477127133
primary_linear,10,initiator_reversal,114,114,0.0360198355607082,-0.008608875755925727,HC3,adequate_analysis_sample,estimated_confirmatory,EventDirection,0.010438675904539164,0.012308656869155683,-0.013685848257067514,0.03456320006614584,0.3963956727552598
targeted_shock_quadratic,10,initiator_reversal,114,114,0.03709270365483042,-0.016902098009384803,HC3,adequate_analysis_sample,estimated_confirmatory,const,0.013751485492484379,0.03614284085412786,-0.05708718088056912,0.08459015186553788,0.7035920680565884
targeted_shock_quadratic,10,initiator_reversal,114,114,0.03709270365483042,-0.016902098009384803,HC3,adequate_analysis_sample,estimated_confirmatory,EquipmentIndicator,-0.01126137605397744,0.011787203566708938,-0.03436387052316903,0.011841118415214145,0.3393805246560223
targeted_shock_quadratic,10,initiator_reversal,114,114,0.03709270365483042,-0.016902098009384803,HC3,adequate_analysis_sample,estimated_confirmatory,ShockMagnitude,-0.004488930147958545,0.011347685237790119,-0.026729984521924016,0.01775212422600693,0.6924140601002795
targeted_shock_quadratic,10,initiator_reversal,114,114,0.03709270365483042,-0.016902098009384803,HC3,adequate_analysis_sample,estimated_confirmatory,SectorMomentum,-0.09581201482762987,0.06235591532627728,-0.21802736309016252,0.02640333343490278,0.12440734444274867
targeted_shock_quadratic,10,initiator_reversal,114,114,0.03709270365483042,-0.016902098009384803,HC3,adequate_analysis_sample,estimated_confirmatory,VolumeMeasure,-0.011168683081041535,0.021056036524590635,-0.052437756326399104,0.030100390164316038,0.5958161472419694
targeted_shock_quadratic,10,initiator_reversal,114,114,0.03709270365483042,-0.016902098009384803,HC3,adequate_analysis_sample,estimated_confirmatory,EventDirection,0.010519780219982015,0.012428282088872441,-0.013839205063912202,0.03487876550387623,0.3973079993457398
targeted_shock_quadratic,10,initiator_reversal,114,114,0.03709270365483042,-0.016902098009384803,HC3,adequate_analysis_sample,estimated_confirmatory,ShockMagnitudeSquared,0.0002103718932099266,0.0006929653686248904,-0.001147815271828381,0.0015685590582482341,0.7614462779659489
