comparison_type,peer_definition,horizon,outcome,event_count,sample_size,mean,median,ci_lower,ci_upper,bootstrap_replications,sample_label
peer_definition_level,broad_semiconductor_peers,1,peer_car,208,208,-9.6054345353445e-05,-1.1735743718546785e-05,-0.00030426616754590416,0.00011215747683901413,0,adequate_analysis_sample
peer_definition_level,broad_semiconductor_peers,1,peer_catchup,208,208,6.353120448181516e-05,2.9675854808599626e-05,-0.00014491451531912114,0.00027197692428275146,0,adequate_analysis_sample
peer_definition_level,broad_semiconductor_peers,1,convergence,208,208,0.0035733973113650955,0.002647416137234462,-0.0018564065580317268,0.009003201180761918,0,adequate_analysis_sample
peer_definition_level,broad_semiconductor_peers,5,peer_car,131,131,-7.110216719249729e-05,8.977644515439172e-05,-0.0004511568617445194,0.00030895252735952484,0,adequate_analysis_sample
peer_definition_level,broad_semiconductor_peers,5,peer_catchup,131,131,8.907959183402387e-05,1.4932787241850429e-05,-0.0002908610236735281,0.0004690202073415759,0,adequate_analysis_sample
peer_definition_level,broad_semiconductor_peers,5,convergence,131,131,0.0029328562364458323,0.0002634945561525721,-0.0051190698378833655,0.010984782310775031,0,adequate_analysis_sample
peer_definition_level,broad_semiconductor_peers,10,peer_car,62,62,4.5973358621825156e-05,0.0005455594907813533,-0.0007336338212327939,0.0008255805384764443,0,adequate_analysis_sample
peer_definition_level,broad_semiconductor_peers,10,peer_catchup,62,62,-0.0002997585708845378,-0.00022176074741486537,-0.00107566833980559,0.00047615119803651445,0,adequate_analysis_sample
peer_definition_level,broad_semiconductor_peers,10,convergence,62,62,-0.003997305605516566,-0.007587510164569951,-0.019489703368937336,0.011495092157904205,0,adequate_analysis_sample
peer_definition_level,economic_subsector_peers,1,peer_car,208,208,0.0013192275041140529,0.00012391067480736935,-0.0012808874751569072,0.003919342483385013,0,adequate_analysis_sample
peer_definition_level,economic_subsector_peers,1,peer_catchup,208,208,0.0030571829167291126,0.000968072395744772,0.0004846778531090584,0.005629687980349167,0,adequate_analysis_sample
peer_definition_level,economic_subsector_peers,1,convergence,208,208,0.006567049023612392,0.0039353811792571846,0.0009513407894421524,0.012182757257782631,0,adequate_analysis_sample
peer_definition_level,economic_subsector_peers,5,peer_car,131,131,0.0006909825472207694,-0.0006751392665794581,-0.0038365040754125748,0.005218469169854113,0,adequate_analysis_sample
peer_definition_level,economic_subsector_peers,5,peer_catchup,131,131,0.0034063600141645395,-0.0009148276990219072,-0.001083981057584327,0.007896701085913406,0,adequate_analysis_sample
peer_definition_level,economic_subsector_peers,5,convergence,131,131,0.006250136658776347,0.0029902737643925387,-0.00241783971736373,0.014918113034916424,0,adequate_analysis_sample
peer_definition_level,economic_subsector_peers,10,peer_car,62,62,0.005800646494107661,0.0011338910551784319,-0.003884200013812846,0.015485493002028167,0,adequate_analysis_sample
peer_definition_level,economic_subsector_peers,10,peer_catchup,62,62,0.00941746375046593,0.007464287580305803,-7.92912908968782e-05,0.018914218791828738,0,adequate_analysis_sample
peer_definition_level,economic_subsector_peers,10,convergence,62,62,0.005719916715833902,0.0007666445188987247,-0.013455241502145682,0.024895074933813485,0,adequate_analysis_sample
peer_definition_level,trailing_return_similarity_peers,1,peer_car,208,208,-0.0009332439540048615,0.0003722998374382947,-0.0027616402454426273,0.0008951523374329041,0,adequate_analysis_sample
peer_definition_level,trailing_return_similarity_peers,1,peer_catchup,208,208,-0.002276727668431468,-0.0016746650295415004,-0.004082844413049267,-0.0004706109238136688,0,adequate_analysis_sample
peer_definition_level,trailing_return_similarity_peers,1,convergence,208,208,0.0012331384384518117,-0.0004803717132062027,-0.003976086151584367,0.006442363028487989,0,adequate_analysis_sample
peer_definition_level,trailing_return_similarity_peers,5,peer_car,131,131,-0.0011651190238489613,-0.0007786924802667482,-0.004130294771714982,0.0018000567240170596,0,adequate_analysis_sample
peer_definition_level,trailing_return_similarity_peers,5,peer_catchup,131,131,-0.0026928986688967245,-0.0026419695235360002,-0.005627997802834148,0.00024220046504069923,0,adequate_analysis_sample
peer_definition_level,trailing_return_similarity_peers,5,convergence,131,131,0.00015087797571508238,-0.004307128141989049,-0.008149133891970292,0.008450889843400457,0,adequate_analysis_sample
peer_definition_level,trailing_return_similarity_peers,10,peer_car,62,62,0.0008773214200577469,-0.00025874821887834367,-0.004197485026275952,0.005952127866391445,0,adequate_analysis_sample
peer_definition_level,trailing_return_similarity_peers,10,peer_catchup,62,62,0.002098507150371423,0.0021431329170284743,-0.002952775111932429,0.007149789412675275,0,adequate_analysis_sample
peer_definition_level,trailing_return_similarity_peers,10,convergence,62,62,-0.0015990398842606053,-0.011495159018323507,-0.01885446226343133,0.01565638249491012,0,adequate_analysis_sample
paired_economic_minus_correlation,economic_minus_correlation,1,peer_car,208,208,0.0022524714581189137,-0.0006768185352741686,-0.0005152410643986618,0.00509230337574201,10000,adequate_analysis_sample
paired_economic_minus_correlation,economic_minus_correlation,1,peer_catchup,208,208,0.00533391058516058,0.0037855227403122958,0.002520904677111498,0.008105050619841101,10000,adequate_analysis_sample
paired_economic_minus_correlation,economic_minus_correlation,1,convergence,208,208,0.00533391058516058,0.003785522740312296,0.002520904677111498,0.0081050506198411,10000,adequate_analysis_sample
paired_economic_minus_correlation,economic_minus_correlation,5,peer_car,131,131,0.0018561015710697312,0.0017595132136644237,-0.002647435077124176,0.006543584894698628,10000,adequate_analysis_sample
paired_economic_minus_correlation,economic_minus_correlation,5,peer_catchup,131,131,0.006099258683061265,0.006564229165850468,0.001649362536760786,0.010532165052254995,10000,adequate_analysis_sample
paired_economic_minus_correlation,economic_minus_correlation,5,convergence,131,131,0.006099258683061265,0.006564229165850468,0.001649362536760785,0.010532165052254995,10000,adequate_analysis_sample
paired_economic_minus_correlation,economic_minus_correlation,10,peer_car,62,62,0.004923325074049911,-0.0011411930959309702,-0.004490885071727331,0.01485467778256887,10000,adequate_analysis_sample
paired_economic_minus_correlation,economic_minus_correlation,10,peer_catchup,62,62,0.0073189566000945085,0.0055549025206513575,-0.0019390865975383094,0.01687418264569453,10000,adequate_analysis_sample
paired_economic_minus_correlation,economic_minus_correlation,10,convergence,62,62,0.0073189566000945085,0.005554902520651352,-0.0019390865975383094,0.01687418264569453,10000,adequate_analysis_sample
