analysis,group,horizon,outcome,event_count,sample_size,mean,ci_lower,ci_upper,contribution_to_full_sample_mean,event_share
time_period,early_2015_2018,1,peer_catchup,50,50,0.0016701100187030804,-0.0001323973794266273,0.003472617416832788,,
time_period,early_2015_2018,1,initiator_reversal,50,50,0.005029498660129044,-0.0011557533102972842,0.01121475063055537,,
time_period,early_2015_2018,1,convergence,50,50,0.006699608678832124,0.00042289620710542295,0.012976321150558825,,
time_period,early_2015_2018,3,peer_catchup,42,42,0.0011834209005810897,-0.002301375262692057,0.004668217063854236,,
time_period,early_2015_2018,3,initiator_reversal,42,42,0.004166789223012467,-0.006043024746401865,0.014376603192426798,,
time_period,early_2015_2018,3,convergence,42,42,0.005350210123593556,-0.004729248953398609,0.015429669200585722,,
time_period,early_2015_2018,5,peer_catchup,38,38,5.234728766901659e-05,-0.00575882454627989,0.005863519121617923,,
time_period,early_2015_2018,5,initiator_reversal,38,38,-0.003316461713798958,-0.015445673803212226,0.008812750375614312,,
time_period,early_2015_2018,5,convergence,38,38,-0.0032641144261299406,-0.014968070553829671,0.00843984170156979,,
time_period,early_2015_2018,10,peer_catchup,23,23,0.0006348449163965745,-0.006430174859596256,0.007699864692389405,,
time_period,early_2015_2018,10,initiator_reversal,23,23,0.008815118597963974,-0.014370849550530394,0.03200108674645834,,
time_period,early_2015_2018,10,convergence,23,23,0.009449963514360553,-0.011799634174532354,0.03069956120325346,,
time_period,middle_2019_2021,1,peer_catchup,43,43,0.002976821696389476,-0.00031825899972471846,0.006271902392503671,,
time_period,middle_2019_2021,1,initiator_reversal,43,43,0.0049627149820102995,-0.002569673204536514,0.012495103168557113,,
time_period,middle_2019_2021,1,convergence,43,43,0.007939536678399776,-0.0012988531148267913,0.017177926471626345,,
time_period,middle_2019_2021,3,peer_catchup,39,39,-0.000309130106588436,-0.004531751356020964,0.0039134911428440914,,
time_period,middle_2019_2021,3,initiator_reversal,39,39,0.0033863608846628193,-0.010693164005535383,0.017465885774861023,,
time_period,middle_2019_2021,3,convergence,39,39,0.003077230778074383,-0.012893617163353226,0.019048078719501992,,
time_period,middle_2019_2021,5,peer_catchup,29,29,-0.0035151928138541467,-0.010696979833779818,0.003666594206071524,,
time_period,middle_2019_2021,5,initiator_reversal,29,29,0.0040499900562788425,-0.016110619718557734,0.02421059983111542,,
time_period,middle_2019_2021,5,convergence,29,29,0.0005347972424246969,-0.021742116741056156,0.022811711225905553,,
time_period,middle_2019_2021,10,peer_catchup,16,16,-0.00025384436523012525,-0.01146492858249029,0.010957239852030039,,
time_period,middle_2019_2021,10,initiator_reversal,16,16,0.005397122674054119,-0.02425406315979055,0.03504830850789879,,
time_period,middle_2019_2021,10,convergence,16,16,0.005143278308823994,-0.02289717108053218,0.03318372769818017,,
time_period,recent_2022_2025,1,peer_catchup,133,133,0.0028533459872184083,-0.0011169207799535895,0.006823612754390406,,
time_period,recent_2022_2025,1,initiator_reversal,133,133,0.001230757804571099,-0.0064536196600365955,0.008915135269178793,,
time_period,recent_2022_2025,1,convergence,133,133,0.004084103791789508,-0.004034366920895838,0.012202574504474853,,
time_period,recent_2022_2025,3,peer_catchup,115,115,0.0026772383722941475,-0.0027250903811049834,0.008079567125693278,,
time_period,recent_2022_2025,3,initiator_reversal,115,115,-0.0021641190518635767,-0.010625876154280916,0.006297638050553762,,
time_period,recent_2022_2025,3,convergence,115,115,0.0005131193204305689,-0.008334253997321885,0.009360492638183022,,
time_period,recent_2022_2025,5,peer_catchup,106,106,0.004495372227712436,-0.0017293575751861218,0.010720102030610993,,
time_period,recent_2022_2025,5,initiator_reversal,106,106,0.002666625668293769,-0.006351518380701383,0.01168476971728892,,
time_period,recent_2022_2025,5,convergence,106,106,0.007161997896006204,-0.003354935455982393,0.0176789312479948,,
time_period,recent_2022_2025,10,peer_catchup,75,75,0.0038829146366961722,-0.007218523927732652,0.014984353201124997,,
time_period,recent_2022_2025,10,initiator_reversal,75,75,-0.010121129136698296,-0.025151865841130668,0.004909607567734073,,
time_period,recent_2022_2025,10,convergence,75,75,-0.006238214500002128,-0.026373911808194626,0.013897482808190368,,
initiator_contribution,6146.T,5,peer_catchup,1,1,-0.0015747282788760543,,,-9.10247560043962e-06,0.005780346820809248
initiator_contribution,ADI,5,peer_catchup,3,3,-0.008501578720276664,,,-0.00014742622058283234,0.017341040462427744
initiator_contribution,AMAT,5,peer_catchup,13,13,0.004309225425205247,,,0.0003238146273275619,0.07514450867052024
initiator_contribution,AMD,5,peer_catchup,13,13,0.009862091868476513,,,0.0007410820479202004,0.07514450867052024
initiator_contribution,ASML,5,peer_catchup,8,8,0.007235791799453871,,,0.00033460308899208654,0.046242774566473986
initiator_contribution,CRDO,5,peer_catchup,9,9,-0.01444857235728117,,,-0.0007516598336157834,0.05202312138728324
initiator_contribution,GFS,5,peer_catchup,8,8,0.01431916653270747,,,0.0006621579899517905,0.046242774566473986
initiator_contribution,KLAC,5,peer_catchup,11,11,0.00845443744949872,,,0.0005375653869623463,0.06358381502890173
initiator_contribution,LRCX,5,peer_catchup,14,14,0.012255227377926909,,,0.0009917525045721198,0.08092485549132948
initiator_contribution,MCHP,5,peer_catchup,10,10,0.004966248977798381,,,0.0002870664149016405,0.057803468208092484
initiator_contribution,MPWR,5,peer_catchup,15,15,-0.003202044735636998,,,-0.0002776339366159247,0.08670520231213873
initiator_contribution,MRVL,5,peer_catchup,5,5,-7.914805332443538e-05,,,-2.2875159920357047e-06,0.028901734104046242
initiator_contribution,NVDA,5,peer_catchup,7,7,0.0042363762100898076,,,0.00017141406630421187,0.04046242774566474
initiator_contribution,NXPI,5,peer_catchup,10,10,0.003717877490758327,,,0.00021490621333863162,0.057803468208092484
initiator_contribution,ON,5,peer_catchup,10,10,-0.005207073760195193,,,-0.00030098692255463544,0.057803468208092484
initiator_contribution,STM,5,peer_catchup,16,16,-0.0011489317500032528,,,-0.00010625958381532974,0.09248554913294797
initiator_contribution,TSEM,5,peer_catchup,8,8,-0.011960438750437988,,,-0.0005530838728526237,0.046242774566473986
initiator_contribution,TSM,5,peer_catchup,3,3,-0.020731923082138375,,,-0.00035951311703130126,0.017341040462427744
initiator_contribution,TXN,5,peer_catchup,4,4,-0.002459129414581979,,,-5.68584835741498e-05,0.023121387283236993
initiator_contribution,UMC,5,peer_catchup,5,5,0.016507169213404636,,,0.000477085815416319,0.028901734104046242
peer_group_contribution,analog_mixed_signal,5,peer_catchup,68,68,-0.0009850633201492621,,,-0.00038719251890260016,0.3930635838150289
peer_group_contribution,fabless_compute,5,peer_catchup,34,34,0.0008067334199609015,,,0.00015854876461659335,0.19653179190751446
peer_group_contribution,foundry,5,peer_catchup,24,24,0.0016337457949484955,,,0.00022664681548418433,0.13872832369942195
peer_group_contribution,semiconductor_equipment,5,peer_catchup,47,47,0.008019224082550763,,,0.0021786331322536756,0.27167630057803466
